ID вопроса,Вопрос,Референсный ответ,Релевантные документы,Контекст (превью)
1,Как просрочка по «беспроцентному» займу скажется на переплате/ПСК?,"В контексте нет информации о том, как именно просрочка по «беспроцентному» займу влияет на переплату или ПСК. В предоставленных фрагментах описаны общие правила ограничения переплаты и состав ПСК, но не рассмотрен частный случай беспроцентного займа с просрочкой.","doc_040,doc_078","Фрагмент (score: 0.88):
мальная переплата не может превышать сумму займа больше чем в 1,3 раза. При расчете переплаты учитываются не только проценты, но и штрафы, пени, плата за дополнительные услуги (например, страхование жизни и здоровья заемщика). Эти ограничения действуют с июля 2023 года.

То есть если вы займете в МФО 20 000 рублей, то в любом случае вам придется вернуть не больше: 20 000 (основной долг) + 26 000 (максимальная переплата) = 46 000 рублей.

Для займов, которые были получ"
2,"Как действовать вкладчику при отзыве лицензии, учитывая лимит безопасной суммы?","Согласно контексту, при отзыве лицензии у банка вкладчик гарантированно получит страховое возмещение в пределах 1,4 млн рублей со всех своих счетов и вкладов в этом банке, включая проценты. Для этого необходимо, чтобы банк имел лицензию Банка России и входил в систему страхования вкладов.

Чтобы обезопасить свои средства, нужно:
1. Убедиться, что у выбранного банка есть лицензия Банка России.
2. Следить, чтобы общая сумма на всех счетах и вкладах в одном банке (включая проценты) не превышала 1,4 млн рублей.

В некоторых случаях, согласно контексту, возможно получение повышенной страховки — до 10 млн рублей, но подробности этого механизма в предоставленном контексте не раскрываются.","doc_237,doc_102,doc_286","Фрагмент (score: 0.88):
 лиц, в том числе индивидуальных предпринимателей, защищает государственная система страхования вкладов. Даже если у банка отзовут лицензию, сумму в пределах 1,4 млн рублей вам возвратят быстро. Просто убедитесь, что у выбранной организации есть лицензия Банка России, а затем следите, чтобы на всех ваших счетах в одном банке у вас лежало не больше 1,4 млн рублей, включая проценты по вкладам.

Если же вы хотите положить на депозит сумму побольше или открыть счет для свое"
3,Как действовать при оспаривании незаконной продажи долга с учетом установленных сроков ответа на претензии?,"Согласно контексту, при оспаривании незаконной продажи долга (когда долг был уступлен без вашего разрешения) необходимо:
1.  Подать претензию организации, у которой вы брали в долг (первоначальному кредитору).
2.  Кредитор должен отреагировать на претензию **за 15 рабочих дней**. Если ему потребуются от вас дополнительные документы — **за 25 рабочих дней**.
3.  Если установленные сроки прошли, а ответа нет или он кажется формальным, следует жаловаться в Банк России.","doc_112,doc_264","Фрагмент (score: 0.87):
т перезвонить прежнему кредитору. Уточните, была ли передана задолженность и кому именно. Возможно, тревога ложная. Тогда стоит подать заявление на мошенников в полицию.

Если долг действительно передали другому кредитору, остаются два других варианта.

* **Долг продали с нарушениями.** Может оказаться, что банк, МФО или КПК действительно уступили ваш долг кому-то и не получили перед этим вашего разрешения. В этом случае вы имеете полное право отказаться от общения с "
4,Как изменился лимит социального вычета на спорт по сравнению с 2022 годом?,"Согласно контексту, лимит социального налогового вычета, в который входят и расходы на спорт, увеличился.

В 2022 году максимальная сумма расходов, с которых можно было получить вычет, составляла **120 000 рублей** в год. Это позволяло вернуть до **15 600 рублей** (120 000 х 13%).

С 2024 года лимит социального вычета был повышен до **150 000 рублей** в год. Это позволяет вернуть до **19 500 рублей** (150 000 х 13%) при стандартной ставке НДФЛ.","doc_176,doc_168","Фрагмент (score: 0.91):
Наступивший год принесет с собой новые законы и правила. Рассказываем о главных изменениях, которые могут повлиять на ваш бюджет. ## 1. Заниматься спортом станет выгоднее

С 2022 года можно будет получить налоговый вычет за физкультурно-спортивные услуги. Например, за покупку абонемента в фитнес-клуб или бассейн, оплату спортивных кружков и секций для детей, взносы за участие в соревнованиях.

Вы сможете платить меньше подоходного налога или вернуть часть уже перечисл"
5,Чем отличаются сроки обращения за наследством по закону от сроков для налогового имущественного вычета?,"В контексте нет информации о сроках обращения за наследством по закону. В предоставленных фрагментах упоминается только общий шестимесячный срок для подачи заявки нотариусу, но не проводится сравнение со сроками для налогового вычета.

Информация об имущественном налоговом вычете, содержащаяся в контексте, также не включает конкретных сроков для его обращения, за исключением указания, что вернуть можно налог, уплаченный за последние три года.","doc_316,doc_141,doc_014","Фрагмент (score: 0.87):
ого нотариуса вы тоже можете оставить заявку на наследство. Он принимает их в течение полугода после смерти наследодателя. Когда нотариус соберет заявки от всех претендентов на наследство, он определит, кто имеет право на имущество и в каких долях. На основе этого он составит свидетельства о праве на наследство для каждого из них. С этими свидетельствами они смогут получить имущество.

По закону вы имеете право получить в банке со счета умершего до 100 000 рублей на орг"
6,Почему при высокой долговой нагрузке банк может отказать в новом кредите?,"Согласно контексту, при высокой долговой нагрузке (высоком ПДН) банк может отказать в новом кредите по следующим причинам:

1.  **Высокий риск невозврата.** Банк видит опасность, что заемщик при малейших финансовых трудностях не справится с выплатами, может попасть в долговую яму или стать банкротом.
2.  **Снижение шансов на одобрение.** При ПДН выше 50% шансы на одобрение кредита резко снижаются.
3.  **Отрицательное влияние на кредитную историю.** Каждый отказ банка отражается в кредитной истории, что ухудшает восприятие заемщика другими банками и МФО в будущем. Новый банк может автоматически отклонить заявку, увидев предыдущие отказы.","doc_055,doc_148,doc_320","Фрагмент (score: 0.89):
ер, из-за роста процентной ставки при отмене страховки).

Но если ваша ситуация не является исключением, лучше самостоятельно оценить свою долговую нагрузку, прежде чем подавать кредитную заявку в банк или МФО.

## Зачем мне считать свой ПДН и как это сделать?

Во-первых, **важно самому понимать, точно ли долг вам по силам**. И лучше, когда можно положиться на точный расчет, а не только на догадки и интуицию. При высоком ПДН есть опасность при малейших финансовых тр"
7,Что сделать первым делом при обнаружении мошеннического списания с карты?,"Согласно контексту, первым делом при обнаружении мошеннического списания с карты необходимо немедленно заблокировать карту.","doc_338,doc_130,doc_172","Фрагмент (score: 0.89):
Пришло СМС, что с карты списали деньги, но вы ничего не покупали, переводы не делали и наличные не снимали. Вероятно, ваша карта или ее данные попали к мошенникам. Что делать и можно ли вернуть похищенное? Если коротко, то нужно: немедленно заблокировать карту, сообщить в банк по горячей линии о краже денег и написать в отделении банка заявление о несогласии с операцией. Сделать все это необходимо не позднее следующего дня после того, как банк уведомил вас об операции, ко"
8,"Куда обращаться, если заемные деньги ушли мошенникам?","Согласно контексту, если заемные деньги ушли мошенникам, необходимо обращаться в полицию. Перед этим следует собрать все документы: договоры и квитанции о денежных переводах.

Кроме того, полезно сообщить о мошенниках в свой банк и в банк, на счёт которого были переведены деньги, а также в Банк России через интернет-приёмную или форму анонимного информирования.","doc_250,doc_037,doc_063","Фрагмент (score: 0.89):
Регулятор сможет заблокировать этот сайт, а также собрать и передать информацию о мошенниках в прокуратуру.

Если вы уже успели оформить заем или передать деньги обманщикам, обращайтесь в полицию. Перед этим соберите как можно больше документов и информации: договоры, которые вы заключили, квитанции на денежные переводы.

Не замалчивайте случаи, когда вам встречаются мошенники. Преступникам выгодно ваше бездействие. Чем раньше вы сообщите о них в полицию, тем быстрее "
9,Как с помощью госгарантий повысить шанс одобрения и какую долю кредита они покрывают?,"На основе контекста можно ответить следующее:

С помощью государственных гарантий (поручительств Корпорации МСП или РГО) можно повысить шанс одобрения кредита, когда у бизнеса нет достаточного имущества для залога или его стоимость невелика. Эти организации выступают поручителями перед банком, гарантируя погашение части долга в случае невозможности выплат со стороны заемщика.

Что касается доли покрытия:
* Поручительство по **зонтичному механизму Корпорации МСП** покрывает до 50% суммы кредита.
* В контексте также указано, что банки иногда позволяют привлечь одновременно и Корпорацию МСП, и РГО, и в сумме их гарантии могут покрывать **70–90%** от размера кредита.

Таким образом, госгарантии компенсируют банку отсутствие залога и существенно снижают его риски, повышая вероятность одобрения кредита для малого и среднего бизнеса.","doc_150,doc_180","Фрагмент (score: 0.89):
е производит и не продает подакцизные товары.

У каждой программы госгарантий могут быть дополнительные требования к заемщикам.

## Какие гарантийные программы существуют?

Есть несколько вариантов государственной поддержки:

### Зонтичный механизм поручительств Корпорации МСП

* Размер поручительства по кредиту (или нескольким кредитам) на одного предпринимателя составляет до 1 млрд рублей на срок до 10 лет. Поручительство покрывает до 50% суммы кредита.
* Кре"
10,Почему вклад безопаснее инвестиций в ценные бумаги?,"Согласно контексту, вклад безопаснее инвестиций в ценные бумаги по двум основным причинам:

1.  **Гарантии возврата средств.** Проценты по депозитам известны заранее, и даже если у банка отзовут лицензию, государство вернёт вкладчикам деньги в пределах 1,4 млн рублей (система страхования вкладов).
2.  **Предсказуемость и стабильность.** На бирже такой страховки нет, и падения стоимости ценных бумаг происходят гораздо чаще, чем банкротства банков. Инвестиции не имеют ни гарантированной доходности, ни государственной защиты.","doc_163,doc_171,doc_307","Фрагмент (score: 0.90):
У Ксении есть вклад в банке, но проценты ей кажутся слишком низкими. Она думает снять деньги с депозита и инвестировать их на фондовом рынке. Разбираемся, стоит ли вкладывать все сбережения в ценные бумаги, как выйти на биржу и с чего начать, если вы все же хотите рискнуть. ## Зачем инвестировать и подходит ли это мне?

На инвестициях действительно можно заработать больше, чем на банковских вкладах, но при этом есть вероятность все потерять. Проценты по депозитам извест"
11,"Каковы сроки блокировки перевода, а также решения финомбудсмена?","В контексте нет информации о сроках блокировки перевода. 

Что касается сроков решения финансового омбудсмена, в контексте указано следующее:
*   **В течение 15 рабочих дней** — если обращение не касается перевода пенсионных накоплений.
*   **В течение 20 рабочих дней** — если хотите оспорить передачу пенсионных накоплений из одного фонда в другой.
*   **В течение 30 рабочих дней** — если заявление подаётся через посредника (независимо от темы).
*   Срок может быть продлён **не более чем на 10 рабочих дней**, если требуется заключение независимых экспертов.",doc_264,"Фрагмент (score: 0.90):
 трех рабочих дней** после того, как омбудсмен получит заявление, вам придет ответ, будет ли он рассматривать претензию или спор не относится к его компетенции. Если заявление примут, за ходом дела можно следить через личный кабинет на сайте уполномоченного. Вам также будут присылать уведомления на мобильный телефон и электронную почту.

Уполномоченный вынесет решение:

* **в течение 15 рабочих дней** с момента получения вашего заявления — при условии, что обращение н"
12,Почему иностранные депозитарные расписки и многие ETF могут быть заблокированы и кому они доступны?,"На основе предоставленного контекста:

Иностранные депозитарные расписки и многие ETF могут быть заблокированы из-за **санкций**. Санкции приводят к тому, что:
1.  Иностранные депозитарии отказываются проводить операции с расписками.
2.  Брокеры и депозитарии, попавшие под санкции, не могут проводить сделки с иностранными бумагами, и активы клиентов оказываются заморожены.
3.  ETF, включающие активы из недружественных стран, также подвержены высокому риску блокировки.

Доступность:
*   **ETF, которые могут быть заблокированы** (например, включающие активы из недружественных стран), доступны **только квалифицированным инвесторам**.
*   **Неквалифицированные инвесторы** могут свободно покупать паи российских БПИФов, а также ETF, которые торгуются на российских биржах и созданы компаниями из дружественных стран (но таких фондов пока нет).","doc_235,doc_265,doc_108","Фрагмент (score: 0.90):
только нескольким компаниям, и части из них — лишь на время.

Когда компании запустили процедуру обмена ценных бумаг, то снова столкнулись с проблемой: многие иностранные депозитарии отказались ее проводить. Для таких случаев российские власти разработали специальные механизмы: **автоматическую** и **принудительную** конвертацию расписок в акции.

## Что делать инвесторам?

Если под блокировку попали расписки **на ценные бумаги иностранных компаний**, вам остается т"
13,Какие приемы помогут сократить импульсные покупки?,"Согласно контексту, сократить импульсные покупки помогут следующие приемы:

1. **Использовать опцию «отложить»** — взять товар, но не покупать сразу, а уйти на несколько часов или день, чтобы понять, действительно ли он нужен.
2. **Составлять списки покупок** — это помогает покупать только необходимое и не набирать лишнего.
3. **Внимательно читать ценники** — чтобы не вводить себя в заблуждение относительно реальной стоимости.
4. **Трезво оценивать маркетинговые акции** — понимать, что акции часто стимулируют купить ненужное.
5. **Не набирать лишнего в магазине** — класть в корзину только заранее запланированные товары.
6. **Обдумывать покупку несколько дней** перед тем, как внести ее в план.
7. **Строго придерживаться финансового плана и лимитов по статьям расходов**, избегая соблазна сделать незапланированную покупку.","doc_022,doc_136,doc_068","Фрагмент (score: 0.88):
тролировать себя, то можно защититься от таких расходов.

**— Используйте опцию «отложить».** Выбрать в магазине, потрогать, примерить и отправиться домой или на работу на несколько часов или день. Через какое-то время станет понятно, нужна такая покупка на самом деле или нет.

**— Составляйте списки.** Это помогает покупать столько, сколько нужно, и, например, не выкидывать потом испортившиеся продукты.

Также экономить можно каждый день по мелочам — допустим, не п"
14,Чем отличаются госгарантии по деньгам на эскроу от гарантий по накоплениям в НПФ?,"Согласно контексту, госгарантии по деньгам на эскроу и по накоплениям в НПФ отличаются **размером страховой суммы** и, возможно, **механизмом выплаты**.

**По накоплениям в НПФ:**
*   Гарантированная государством сумма составляет **до 2,8 млн рублей** на один фонд. Эта сумма включает взносы и инвестиционный доход.
*   Выплату осуществляет Агентство по страхованию вкладов (АСВ) в течение **30 рабочих дней** после получения заявления.

**По деньгам на эскроу:**
*   Гарантированная государством сумма составляет **до 10 млн рублей**.
*   В случае отзыва лицензии у банка, АСВ переводит эту сумму на новый счет эскроу в другом банке.

Таким образом, ключевые отличия — это **лимит страхового покрытия** (2,8 млн для НПФ против 10 млн для эскроу) и **способ выплаты** (перевод на счет клиента или в другой НПФ для пенсионных накоплений против перевода на новый счет эскроу для средств дольщика).","doc_182,doc_227,doc_232","Фрагмент (score: 0.87):
енты НПФ должны обратиться за возмещением в АСВ в течение **пяти месяцев** со дня публикации на сайте агентства информации об отзыве лицензии или начале банкротства фонда.

Пропустите этот срок без уважительной причины – агентство может отказать вам в выплате. Тогда отстаивать свое право на гарантийное возмещение придется через суд.

После того как подадите в АСВ заявление на компенсацию и все необходимые документы, вы сможете запросить там выписку о сумме накоплений "
15,Как распознать мошенников при возврате денег за отмененный рейс?,"В контексте нет информации о том, как именно распознать мошенников при возврате денег за отмененный рейс. Предоставленные фрагменты рассказывают об общих схемах псевдоюристов и о правилах возврата денег у авиакомпаний, но не дают конкретных признаков мошенничества именно в этой ситуации.","doc_138,doc_217","Фрагмент (score: 0.89):
ю, который отменили из-за эпидемии коронавируса. А я как раз узнал, что мой рейс отменили и хотел заняться вопросом возврата денег...»

Будьте бдительны, не наступайте на чужие грабли!

**Вы сами отказались от полета**

Если тариф вашего билета предусматривает полный возврат денег, то все просто: нужно лишь в определенные сроки сдать билет на сайте или по телефону горячей линии авиакомпании или посредника. Деньги вернутся на вашу банковскую карту в течение нескольки"
16,Какие документы подойдут для подтверждения дохода при заявке на кредит?,"Согласно контексту, для подтверждения дохода при заявке на кредит подойдут следующие документы:

*   Справка об официальном доходе с работы или с портала Госуслуги.
*   Выписки с банковских и брокерских счетов.
*   Свидетельства о праве собственности на имущество (квартиру, машину и другие активы).
*   Договоры подряда (ГПХ) для внештатных работников.
*   Договор аренды с указанием ежемесячной платы (при сдаче квартиры).
*   Кредитная история (с согласия заемщика), по которой можно увидеть выплаты по прежним кредитам.
*   Данные из цифрового профиля на Госуслугах (с согласия заемщика).
*   Для индивидуальных предпринимателей: книга учета доходов и расходов, налоговые декларации, квитанции об уплате налогов.
*   Для пенсионеров: данные о пенсии.

Контекст также отмечает, что полный список документов лучше уточнять на сайте конкретного банка или МФО.","doc_056,doc_055,doc_252","Фрагмент (score: 0.91):
н сможет повлиять на его решение.

## Я не знаю, какие документы нужно собрать, чтобы точно получить кредит. Может ли брокер подготовить бумаги за меня?

Да, может. Но собрать эти документы самостоятельно совсем нетрудно. Как правило, на сайте каждого банка и МФО указан список бумаг, которые нужно приложить к заявлению на кредит. В том числе написано, какие документы послужат подтверждением вашего реального дохода.

Например, справку об официальном доходе легко зака"
17,Зачем частному клиенту следить за рейтингом страховщика на фоне возможной приостановки лицензии?,"В контексте нет информации о рейтингах страховщиков и о том, зачем за ними следить частному клиенту. В предоставленных фрагментах объясняются причины и последствия ограничения, приостановки или отзыва лицензии, но не упоминаются рейтинги как инструмент для оценки надежности компании.","doc_300,doc_137","Фрагмент (score: 0.88):
Вы узнали, что у вашего страховщика ограничили, приостановили или отозвали лицензию. Почему это произошло и что теперь делать? ## За что приостанавливают и отзывают лицензию?

Это случается, если страховая компания нарушает требования закона. Например, берет деньги за полисы, но не формирует достаточно резервов, чтобы расплачиваться с пострадавшими, если наступит страховой случай. Или вкладывает эти страховые резервы в слишком рискованные проекты, и высока вероятность, "
18,Чем для вкладчика отличается санация от отзыва лицензии?,"Согласно контексту, для вкладчика отличие санации от отзыва лицензии заключается в следующем:

1. **При санации** банк продолжает работать, и это ""однозначно хорошо"" для вкладчиков. Все условия по вкладам остаются прежними, клиенты могут не беспокоиться за свои деньги и, скорее всего, даже не заметят процедуры финансового оздоровления.

2. **При отзыве лицензии** банк прекращает деятельность. В этом случае вкладчикам выплачивается страховое возмещение через Агентство по страхованию вкладов (АСВ):
    * Основная сумма возмещения — до 1,4 млн рублей.
    * В некоторых случаях (например, для счетов эскроу или недавно поступивших крупных сумм от продажи недвижимости или наследства) — повышенное возмещение в пределах 10 млн рублей.

Таким образом, ключевое отличие: при санации банк и вклады сохраняются в полном объеме, а при отзыве лицензии вкладчик получает страховую выплату в установленных законом пределах.","doc_058,doc_286","Фрагмент (score: 0.90):
инальной моделью ведения бизнеса уже не осталось.
3. Санация экономически оправдана  
     
   Санация — процесс дорогой, поэтому, прежде чем ее начинать, Банк России всегда тщательно оценивает возможные затраты.  
     
   В случае отзыва у банка лицензии государство в лице Агентства по страхованию вкладов (АСВ) компенсирует гражданам, индивидуальным предпринимателям, малому бизнесу и многим некоммерческим организациям их вклады и деньги на счетах до 1,4 млн рублей."
19,Какие лимиты действуют на выплаты клиентам МФО по сравнению с гарантиями для клиентов НПФ?,В контексте нет информации.,"doc_336,doc_182,doc_067","Фрагмент (score: 0.87):
ФК) лимиты выше — до 1 млн рублей.

Если вовремя не вернуть деньги, придется платить неустойку. Ее размер всегда указан в таблице на первых страницах договора. Там же прописывается стоимость дополнительных услуг, например страховки. Если упустить их из внимания, долг может оказаться намного больше запланированного. От каких дополнений вы вправе отказаться, читайте в тексте «Какие услуги навязывают МФО».

Подробнее об особенностях ссуд в микрофинансовых организациях вы"
20,Какие банковские инструменты подходят для безопасных расчетов и для возврата денег при споре?,"В контексте нет информации о конкретных банковских инструментах, подходящих для безопасных расчетов. Что касается возврата денег при споре, в контексте упоминается, что при несанкционированном списании с карты можно потребовать возврата денег у банка, если клиент вовремя подал заявление и соблюдал правила безопасности.","doc_172,doc_065,doc_241","Фрагмент (score: 0.87):
нта, как получили уведомление о подозрительной операции по карте. Если банк по каким-то причинам вообще не прислал сообщение о транзакции и вы сами случайно обнаружили незаконное списание, то вправе потребовать вернуть деньги и позже — в любое время, хоть через год после операции.
2. Вы соблюдали правила безопасности при использовании карты. В частности, не писали ПИН-код прямо на карте или не хранили его вместе с картой, никому давали ее фотографировать и сами не выклад"
21,Как безопасно настроить автоплатеж?,"Согласно контексту, безопасно настроить автоплатеж можно, следуя этим рекомендациям:

1.  **Используйте для автоплатежей отдельную дебетовую или предоплаченную карту, или отдельный счет.** На эту карту или счет следует класть только сумму, необходимую для ежемесячных оплат. Не рекомендуется использовать для автоперечислений кредитную карту или карту с овердрафтом.
2.  **Вводите реквизиты банковской карты только на проверенных сайтах**, остерегаясь фишинговых страниц.
3.  **Не используйте одинаковые пароли** для личных кабинетов на сайтах различных организаций.
4.  **Подключите СМС или push-уведомления** по всем банковским картам, чтобы оперативно узнавать о всех платежах.","doc_299,doc_295","Фрагмент (score: 0.92):
С помощью автоплатежей удобно рассчитываться за услуги, которыми вы пользуетесь регулярно: мобильную связь, интернет, коммунальные услуги. Можно настроить автооплату налогов и штрафов ГИБДД, а также автоперевод платежей по кредитам. Как правило, автоматические списания с банковского счета проходят без сбоев, но бывают и исключения. Рассказываем, что делать в случае ошибки и как избежать накладок с автосписаниями. ## Как работает автоплатеж?

Для начала разберемся, как у"
22,Как мошенники крадут реквизиты при оплате онлайн?,"Согласно контексту, мошенники крадут реквизиты при оплате онлайн, создавая поддельные (фишинговые) страницы, которые маскируют под легитимные сайты: служб доставки, платежные страницы сервисов объявлений или системы денежных переводов. Жертва, вводя на такой странице полные реквизиты карты, включая секретный код (CVC/CVV), передает их злоумышленникам.","doc_117,doc_048,doc_213","Фрагмент (score: 0.89):
Киберпреступники постоянно охотятся на чужие личные данные. Атакуют телефоны, планшеты и компьютеры с помощью вредоносных программ, выманивают секретную информацию у банковских клиентов уловкамисоциальной инженерии. Рассказываем, как защитить свою конфиденциальность и дать отпор злоумышленникам. ## Какие данные нужны мошенникам?

Ключом к деньгам на вашем счете могут стать реквизиты карты, включая срок действия, три цифры с оборота, а также пароли и коды из уведомлений "
23,"Чем отличаются ОСАГО, каско, ДСАГО по выплатам?","На основе контекста можно выделить следующие отличия по выплатам:

1. **ОСАГО** — это обязательное страхование. Если вы виновник ДТП, страховая компания выплачивает пострадавшим за ущерб их имуществу и здоровью, но **не оплачивает ремонт вашего автомобиля**. Выплаты по ОСАГО имеют лимиты, установленные законом.

2. **ДСАГО** — это добровольное страхование, которое **дополняет ОСАГО**. Оно начинает действовать, когда выплат по ОСАГО недостаточно для покрытия ущерба пострадавшим. Сумму покрытия по ДСАГО (до 30 млн рублей) выбирает сам владелец полиса. Таким образом, ДСАГО защищает виновника от больших личных расходов при серьезных авариях.

3. **Каско** — упоминается в контексте кратко. В отличие от ОСАГО, полис каско **покрывает расходы на ремонт вашего собственного автомобиля** (в том числе при вашей вине в ДТП). Его можно оформить одновременно с ОСАГО.

**Итог:**
*   **ОСАГО** — выплаты **пострадавшим** (за их имущество и здоровье), лимитированы.
*   **ДСАГО** — дополнительные выплаты **пострадавшим**, если не хватило ОСАГО (сумму можно выбрать).
*   **Каско** — выплаты **владельцу полиса** на ремонт своего автомобиля.","doc_010,doc_119","Фрагмент (score: 0.91):
Даже самый опытный и аккуратный водитель иногда становится виновником ДТП. Если авария серьезная, а поврежденная машина дорогая, выплаты по ОСАГО не покрывают нанесенный ущерб полностью, и виновник аварии должен возместить разницу самостоятельно. В таких случаях помогает полис ДСАГО. Рассказываем, что такое ДСАГО и как его оформить. ДСАГО — это добровольное страхование автогражданской ответственности. Если владелец полиса ДСАГО повредит чужой автомобиль даже на очень боль"
24,Какие базовые меры кибербезопасности соблюдать при онлайн‑оплате услуг?,"Согласно контексту, базовые меры кибербезопасности при онлайн-оплате услуг включают:

1. **Использование проверенных сайтов и осторожность с фишингом:** Вводите реквизиты банковской карты только на проверенных сайтах, остерегаясь фишинговых страниц.
2. **Предпочтение систем мобильных платежей:** По возможности выбирайте оплату через системы мобильных платежей (Apple Pay, Google Pay, Mir Pay, Samsung Pay), которые выступают защитным шлюзом.
3. **Проверка безопасности сайта:** Если используете прямое введение реквизитов, убедитесь, что сайт безопасен (не фишинговый), и проверьте, не стоит ли галочка ""сохранить данные карты"" по умолчанию. Соглашайтесь на сохранение только при полной уверенности в надёжности сайта.
4. **Внимание к адресной строке:** Внимательно сверяйте символы в адресной строке, чтобы не попасть на поддельный сайт.
5. **Использование уникальных паролей:** Не используйте одинаковые пароли для личных кабинетов на разных сайтах.","doc_295,doc_036,doc_262","Фрагмент (score: 0.87):
асными:

* Вводите реквизиты вашей банковской карты (включая трехзначный код с обратной стороны) только на проверенных сайтах. Остерегайтесь фишинговых страниц, которые маскируются под настоящие. Как их распознать, читайте в тексте «Фишинг: что это такое и как от него защититься».
* Не используйте одинаковые пароли для личных кабинетов на сайтах различных организаций.

Больше советов по кибербезопасности можно найти в тексте «Мошенничество с банковскими картами онлай"
25,Зачем и в каких случаях инвесторам нужно проходить тестирование перед сделками с облигациями и при маржинальной торговле?,"Согласно контексту, тестирование необходимо проходить в двух случаях:

1. **Перед покупкой рискованных облигаций** (например, субординированных и структурных). Оно предназначено для проверки уровня знаний об особенностях и рисках этих инструментов и помогает инвестору определиться с готовностью вкладывать в них деньги.

2. **Перед началом маржинальной торговли (сделок с плечом)**, особенно неопытным инвесторам. Тест оценивает понимание принципов маржинальной торговли, связанных с ней рисков, условий кредитования и возможных убытков.

Тестирование проводится брокером или управляющей компанией бесплатно, и его цель — убедиться, что инвестор осознаёт риски и особенности данных инструментов. Для рискованных облигаций тест нужно проходить перед первой сделкой с каждым новым посредником, а для маржинальной торговли пересдавать его можно многократно.","doc_283,doc_306","Фрагмент (score: 0.89):
 понимаете ли вы особенности и риски этих инструментов. А также помогут и вам самому определиться, готовы ли вы вкладывать в них деньги.

Для каждого вида рискованных облигаций предусмотрены отдельные тесты. У одного брокера или управляющей компании проверку достаточно пройти всего раз — перед совершением первой сделки. Захотите обратиться к другому посреднику — на вопросы придется отвечать заново.

Тестирование проверит уровень ваших знаний об инструменте. Например, "
26,Можно ли продать ипотечную квартиру при разводе без суда?,В контексте нет информации.,"doc_310,doc_038","Фрагмент (score: 0.90):
ть риск, что органы опеки не одобрят сделку по продаже жилья.

## Что будет, если после развода один из супругов перестанет выполнять договоренности и платить по общей ипотеке?

По большому счету вариант один — ипотеку придется гасить одному человеку. Иначе есть риск потерять недвижимость. Но тот, кто будет вносить чужие платежи, сможет потребовать у бывшего супруга компенсацию этих расходов через суд.

Если и муж, и жена перестанут делать взносы, то рано или поздно"
27,Как изменится доступ неквалифицированного инвестора к иностранным акциям на российских биржах с 2025 года?,"Согласно контексту, с 1 января 2025 года доступ неквалифицированных инвесторов к иностранным акциям на российских биржах будет существенно ограничен. Им будут доступны бумаги иностранных эмитентов **только из стран ЕАЭС**.","doc_236,doc_221,doc_342","Фрагмент (score: 0.92):
зарубежных активов на счетах россиян этот список был ограничен. С 1 января 2025 года неквалифицированным инвесторам доступны бумаги иностранных эмитентов только из стран ЕАЭС.

Больше 5 млн россиян уже столкнулись с заморозкой иностранных акций и облигаций: инвесторы не могут распоряжаться своими бумагами и получать по ним доход.

Если «неквал» захочет купить более сложные инструменты, не предусмотренные законом для всех желающих, придется пройти тестирование. При это"
28,Зачем добавлять золото в портфель в период нестабильности рынка?,"Согласно контексту, золото добавляют в портфель в период нестабильности рынка, потому что оно служит страховкой от больших потерь. Во время экономических спадов, когда акции и облигации теряют стоимость, спрос и цены на золото, как правило, растут, что делает его надежным защитным активом.","doc_043,doc_258","Фрагмент (score: 0.88):
Матвей давно задумывался об инвестициях, а когда наконец накопил нужную сумму, рынок начало лихорадить из-за санкций. Он прочитал, что в периоды нестабильности выгоднее всего вкладывать деньги в золото. Разбираемся, правда ли это, как ведут себя в кризис цены на драгметаллы и где их покупать. ## Вложения в золото самые надежные?

С одной стороны, золото, как и другие металлы, не может обесцениться до нуля даже в периоды гиперинфляции и глобальных потрясений на финансовы"
29,Чем отличаются кредитные каникулы от внесудебного банкротства?,"На основе предоставленного контекста можно выделить следующие ключевые отличия кредитных каникул от внесудебного банкротства:

1. **Суть процедуры**:
    * **Кредитные каникулы** — это временная отсрочка платежей по кредитам и займам на срок до полугода. Это не списание долга, а перерыв в его выплате.
    * **Внесудебное банкротство** — это процедура, направленная на полное списание долгов (за исключением некоторых обязательств, например, алиментов), когда другого выхода нет.

2. **Последствия**:
    * **Кредитные каникулы**: После окончания отсрочки выплаты возобновляются. «Каникулярный» долг необходимо будет погасить позже (например, после окончания основного кредита или в течение двух лет по кредитной карте).
    * **Внесудебное банкротство**: Приводит к списанию долгов, но при этом портит деловую репутацию и значительно ухудшает кредитную историю, что крайне затруднит получение займов в будущем. Кроме того, есть риск потери имущества (кроме единственного жилья, не находящегося в залоге по ипотеке).

3. **Цель и применение**:
    * **Кредитные каникулы** — это временная мера для преодоления внезапных финансовых трудностей (падение доходов, ЧС) с последующим возвратом к выплатам.
    * **Внесудебное банкротство** — это крайняя мера для полного решения проблемы с долгами, когда возможности их обслуживать больше нет.

Таким образом, основное отличие в том, что кредитные каникулы — это **временная отсрочка** выплат, а внесудебное банкротство — это **окончательная процедура списания** долгов с серьёзными долгосрочными последствиями.","doc_197,doc_047","Фрагмент (score: 0.89):
Если стало сложно гасить заем или кредит из-за внезапных финансовых трудностей, можно обратиться за кредитными каникулами. Рассказываем, как это сделать. ## Что такое кредитные каникулы и как их получить?

Кредитные каникулы — это отсрочка платежей по кредитам и займам в банках, микрофинансовых организациях (МФО), кредитных потребительских кооперативах (КПК) и ломбардах. Перерыв может длиться до полугода.

По закону правом на каникулы могут воспользоваться люди, котор"
30,"Какие гранты доступны начинающему предпринимателю, а какие налоговые каникулы предусмотрены?","В контексте нет информации о налоговых каникулах. 

Что касается грантов, в контексте упоминаются:
1. **Грант для молодых предпринимателей** (до 25 лет включительно), который можно потратить на основные средства производства (станки, оборудование), но нельзя — на недвижимость и транспорт. Для получения нужно обратиться в местные органы власти.
2. **Грант для организаций и ИП**, входящих в реестр МСП (на 10 июля 2021 года), который можно потратить на любые неотложные нужды. Сумма рассчитывается по количеству работников.
3. **Компенсация затрат на открытие бизнеса** через региональный центр занятости (например, на регистрацию юрлица или покупку онлайн-кассы).","doc_180,doc_328,doc_273","Фрагмент (score: 0.89):
лючении договора лизинга. За счет гранта можно приобрести основные средства производства, например станки и оборудование, но нельзя потратить государственную субсидию на покупку недвижимости и транспорта.

Обращаться за грантом нужно в местные органы власти. Подготовить заявку или написать бизнес-план вам помогут специалисты центров «Мой бизнес».

### Кто может получить?

Индивидуальные предприниматели или учредители предприятий (с долей в капитале не менее 50%) в в"
31,"Чем отличаются ипотечные каникулы от кредитных, допускаются ли они при уже допущенной просрочке?","Согласно контексту, ипотечные каникулы допускаются даже при уже имеющейся просрочке. В первом фрагменте прямо указано: ""Поставить ипотеку на паузу можно, даже когда у вас уже есть просрочка"".

Основные отличия ипотечных каникул от кредитных, согласно контексту:
1. **Ипотечные каникулы** применяются к кредитам под залог жилья, а **кредитные каникулы** — ко всем видам кредитов и займов, кроме ипотеки.
2. **Ипотечные каникулы** можно взять при множестве причин (болезнь, потеря работы, рождение ребенка с падением доходов и т.д.), в то время как **кредитные каникулы** (не ипотечные) допускаются только в двух случаях (конкретные случаи в предоставленном контексте обрезаны, но указано, что их всего два).","doc_304,doc_271,doc_013","Фрагмент (score: 0.90):
о взять каникулы — отложить платежи по кредиту на полгода. Поставить ипотеку на паузу можно, даже когда у вас уже есть просрочка. Подробно о том, в каких случаях удастся сдвинуть график погашения, читайте в статье «Как получить ипотечные каникулы».

Если условия каникул не соблюдаются или после полугодового перерыва ваше финансовое положение не поправилось, можно попросить банк реструктурировать кредит. То есть изменить график платежей, например уменьшить их на время и "
32,Как определить официальный сайт финансовой организации по признакам в поиске?,"Согласно контексту, официальные сайты легальных финансовых организаций (банков, МФО, доверительных управляющих) в поисковых системах «Яндекс» и Mail.ru имеют специальную маркировку — **галочку в синем кружке** (синий кружок с галочкой).

Сайты без такой маркировки, вероятно, принадлежат компаниям, которые работают нелегально, и на них лучше не заходить.","doc_004,doc_183,doc_125","Фрагмент (score: 0.89):
 профессионального участника рынка ценных бумаг — проверить ее наличие можно в онлайн-справочнике Банка России.

В поисковых системах «Яндекс» и Mail.ru сайты финансовых посредников с лицензией Банка России имеют специальную маркировку — галочку в синем кружке. Сайты без такого знака принадлежат компаниям, которые работают нелегально.

В своих офисах, на сайтах и в мобильных приложениях доверительные управляющие обязаны раскрывать информацию о себе. В частности, они д"
33,Чем различается ответственность по долгам ИП по сравнению с ООО?,"На основе контекста можно выделить следующие различия в ответственности по долгам ИП и ООО:

**Индивидуальный предприниматель (ИП):**
*   Рискует **всем своим имуществом**, включая личное (например, машину, квартиру).
*   При взыскании долгов через суд приставы могут списать деньги со всех счетов ИП (рублевых и валютных), оставив лишь сумму, равную прожиточному минимуму на самого должника и его иждивенцев.
*   Существует понятие «неприкосновенного» имущества, но в контексте оно не раскрыто полностью.

**Общество с ограниченной ответственностью (ООО/юрлицо):**
*   Учредители рискуют только **деньгами, вложенными в уставный капитал организации**.
*   За долги компании можно отобрать только **ее имущество**, признать банкротом и ликвидировать. Учредители при этом **не рискуют своими личными квартирами или счетами**.
*   **Исключение (субсидиарная ответственность):** Если банкротство или убытки компании произошли по вине учредителей/участников, и это доказано в суде, то на них может быть возложена субсидиарная ответственность. В этом случае они будут обязаны погасить долги компании **из своих личных средств**.

**Итоговое различие:** Ключевое отличие — в объеме рискуемого имущества. ИП отвечает по долгам всем своим имуществом, а учредитель ООО — только вложенными средствами, если не доказана его вина в банкротстве.",doc_261,"Фрагмент (score: 0.87):


## Чем рискует ИП?

У индивидуального предпринимательства есть свои плюсы: для регистрации бизнеса понадобится меньше документов, вдобавок к этому ИП не обязаны вести бухгалтерскую отчетность. Но если бизнес прогорит, то ИП может лишиться не только товара и помещения для работы, но в некоторых случаях и личного имущества: например машины, квартиры и даже кота или собаки.

Когда ИП превращается из чудо-бизнесмена в бизнесмена-должника, то сначала по решению суда при"
34,Что общего в последствиях просрочки по микрозайму и по займу через инвестиционную платформу?,"Согласно контексту, общим последствием просрочки как по микрозайму, так и по займу через инвестиционную платформу является **отражение информации о просрочке в кредитной истории заемщика**, что в будущем затруднит получение кредитов.

В контексте указано:
1. Для инвестиционных платформ: ""Учтите, что просрочка отразится в вашей кредитной истории. Ведь по закону операторы инвестиционных платформ, как банки и микрофинансовые организации, обязаны передавать информацию о заемщиках в бюро кредитных историй"".
2. Для микрозаймов (МФО): ""Информация, что вы не внесли платеж вовремя, отразится в вашей кредитной истории, а значит, в следующий раз получить кредит или заем будет сложнее"".","doc_151,doc_179,doc_143","Фрагмент (score: 0.88):
раво требовать долг переходит к платформе, и она также может обратиться в суд. В договоре с инвестплощадкой должен быть детально прописан порядок ее действий в ситуациях, когда компания задерживает выплаты инвесторам.

Учтите, что просрочка отразится в вашей кредитной истории. Ведь по закону операторы инвестиционных платформ, как банки и микрофинансовые организации, обязаны передавать информацию о заемщиках в бюро кредитных историй. Так что если вы задержите выплату инв"
35,Как безопасно оплатить покупку онлайн?,"Согласно контексту, безопасно оплатить покупку онлайн можно следующим образом:

1.  **Использовать защищённое соединение:** Адрес сайта должен начинаться с `https://`, и в адресной строке должен быть значок закрытого замка.
2.  **Применять систему безопасных платежей:** На странице оплаты нужно искать логотипы программ MasterCard SecureCode, Visa Secure и Mir Accept, которые используют технологию 3D-Secure. Это обеспечивает дополнительную защиту с помощью одноразового пароля из СМС.
3.  **Использовать отдельную карту для онлайн-покупок:** Для частых покупок в интернете рекомендуется завести отдельную карту, класть на неё только необходимую сумму и устанавливать лимиты.
4.  **Оплачивать через платёжный сервис площадки:** При покупке на сайтах объявлений или маркетплейсах следует использовать внутренний платёжный сервис площадки, который резервирует деньги и переводит их продавцу только после получения вами заказа.","doc_087,doc_069","Фрагмент (score: 0.91):
должно быть защищенное соединение — название начинается с https:/ и рядом стоит значок закрытого замка.
* Не переходите с проверенных площадок маркетплейсов или сайтов объявлений в чаты в соцсетях и мессенджеры, там вы ничем не защищены. Хотя мошенники под разными предлогами будут стараться перевести общение на сторонние сервисы.
* При оплате покупки на сайте объявлений, используйте платежный сервис самой площадки. Она зарезервирует деньги и переведет их продавцу только"
36,Как снизить риск при онлайн‑покупках к школе?,В контексте нет информации.,"doc_069,doc_154,doc_077","Фрагмент (score: 0.88):
Онлайн-шоппинг быстрее и удобнее, чем традиционные походы по магазинам. Но и рисков больше: шанс встретить киберпреступников в разы выше, чем реальных грабителей. Делимся советами, как сделать покупки в сети максимально безопасными. Чаще всего мошеннические операции с банковскими картами происходят именно в интернете. И с каждым годом финансовые потери людей растут. Например, в 2020 году мошенники украли с карт в 1,5 раза больше денег, чем в 2019.

## Где подстерегает о"
37,"Что произойдет с ипотекой при разводе, если один из супругов перестанет платить?","Согласно контексту, если после развода один из супругов перестанет платить по общей ипотеке, то:

1. **Основной вариант** — ипотеку придется гасить второму супругу в одиночку, иначе есть риск потерять недвижимость из-за взыскания долга банком.
2. **Право на компенсацию** — тот, кто будет вносить платежи за бывшего супруга, сможет потребовать через суд компенсации этих расходов.
3. **Риск для обоих** — если оба супруга перестанут платить, банк начнет взыскание через суд, и оба лишатся жилья. Недвижимость будет продана, а вырученные деньги пойдут на погашение кредита. Остаток средств (если он будет) банк передаст бывшим супругам.
4. **Если ипотека оформлена только на одного** (например, на мужа), а он перестал платить, банк имеет право забрать и продать квартиру целиком. Даже если жена имеет право на половину жилья, она его потеряет. Чтобы сохранить квартиру, ей придется взять на себя долг супруга и выплачивать кредит.
5. **Раздел имущества** — любые сделки с ипотечной недвижимостью (включая раздел) требуют согласия банка. Если банк не согласен, раздел возможен только через суд. Однако, если платежи не вносятся, банк может потребовать продажи всей квартиры, и защитить часть жилья не получится. Выход — разделить имущество и долг по кредиту (через соглашение с банком или суд), чтобы в случае неуплаты одного из супругов банк выставил на торги только его долю.","doc_310,doc_038,doc_304","Фрагмент (score: 0.94):
ть риск, что органы опеки не одобрят сделку по продаже жилья.

## Что будет, если после развода один из супругов перестанет выполнять договоренности и платить по общей ипотеке?

По большому счету вариант один — ипотеку придется гасить одному человеку. Иначе есть риск потерять недвижимость. Но тот, кто будет вносить чужие платежи, сможет потребовать у бывшего супруга компенсацию этих расходов через суд.

Если и муж, и жена перестанут делать взносы, то рано или поздно"
38,Когда обращаться с жалобой в Банк России?,"Согласно контексту, в Банк России следует обращаться с жалобой в следующих случаях:

1. **Если страховщик нарушает закон** (вопросы, касающиеся денежных споров со страховой компанией, сначала решает финансовый омбудсмен).
2. **Когда договор с организацией не соответствует закону или вам навязывают дополнительные услуги** (это указано в контексте про МФО, но логика распространяется на все поднадзорные организации).
3. **С вопросами и жалобами на конкретные типы финансовых организаций**, перечисленные в первом фрагменте: банки, страховые компании, МФО, КПК, НПФ, брокеров, управляющие компании и другие.

Если вы не знаете, куда именно жаловаться, можно предварительно проконсультироваться со специалистами Банка России.","doc_226,doc_052,doc_175","Фрагмент (score: 0.91):
ССП через интернет-приемную ведомства.

## Не знаю, куда жаловаться

Возникла проблема с финансовой организацией, но вы не понимаете, в какое ведомство обратиться? Проконсультируйтесь со специалистами Банка России, как лучше поступить в вашем случае. Это можно сделать в чате приложения «ЦБ Онлайн» или по телефону горячей линии регулятора (300 для звонков с мобильных, 8-800-300-30-00 для стационарных телефонов).

В Банк России можно обращаться с вопросами про следующ"
39,Чем самозапрет на кредиты отличается от услуг кредитных брокеров?,"Согласно контексту, самозапрет на кредиты и услуги кредитных брокеров — это совершенно разные механизмы:

1. **Самозапрет** — это бесплатная государственная процедура, позволяющая физическому лицу запретить банкам и МФО выдавать кредиты на своё имя с целью защиты от мошенников. Он оформляется через Госуслуги или МФЦ и вносит отметку в кредитную историю.

2. **Услуги кредитных брокеров** — это нерегулируемая консультационная деятельность. Кредитные брокеры не могут гарантировать получение кредита, обещать определённую ставку или влиять на кредитную историю. Они действуют как посредники или консультанты, но их работа законодательно не регламентирована.

Таким образом, ключевое отличие: самозапрет — это инструмент защиты от выдачи кредитов, а кредитные брокеры — посредники, которые помогают в получении кредитов, но без гарантий и государственного контроля.","doc_050,doc_056","Фрагмент (score: 0.88):
С 1 марта 2025 года можно настроить самозапрет — запретить банкам и микрофинансовым организациям (МФО) выдавать кредиты и займы на ваше имя. И таким образом защититься от мошенников, которые набирают долги по чужим документам. Рассказываем, какие особенности у этой процедуры, как установить запрет и при необходимости его отменить. ## Как работает самозапрет?

Самозапрет оформляется бесплатно. Через Госуслуги или любой многофункциональный центр (МФЦ) вы оставляете пометк"
40,Когда наследник вправе рассчитывать на повышенное страховое возмещение по средствам из наследства с учетом требований к оформлению прав?,"В контексте нет информации о повышенном страховом возмещении для наследников или особых требованиях к оформлению прав для его получения. В контексте описываются общие правила получения страховой выплаты по полису жизни наследниками, но не упоминаются условия для увеличения суммы возмещения.","doc_230,doc_104","Фрагмент (score: 0.88):
ор за перевод бумаг с одного счета на другой.

## Можно ли унаследовать выплату по полису страхования жизни?

При оформлении полиса страхования жизни клиент может указать в договоре, кто получит страховую выплату в случае его смерти. Тогда выплата не попадет в состав наследства. Другие наследники (которые не упомянуты в договоре) не могут претендовать на нее ни по завещанию, ни по закону в порядке наследственной очереди.

Если получатели денег (выгодоприобретатели) "
41,Зачем нужны обновления системы вместе с антивирусом для защиты от фишинга?,"Согласно контексту, обновления системы вместе с антивирусом нужны для защиты от фишинга, потому что:

1. **Злоумышленники постоянно ищут уязвимости** в программном обеспечении и приложениях.
2. **Производители регулярно выпускают обновления**, чтобы устранить эти уязвимости и усилить антивирусную защиту.
3. **Важно использовать последние версии программ**, так как взломать обновленное устройство гораздо сложнее.

Таким образом, обновления закрывают найденные ""дыры"" в безопасности, через которые мошенники могли бы получить доступ к устройству и данным, даже если пользователь перейдет по фишинговой ссылке. Антивирус же выступает как дополнительный активный защитный барьер.","doc_117,doc_069","Фрагмент (score: 0.89):
и

Установите антивирусные программы на все гаджеты, которыми пользуетесь. Тогда мошенники не смогут завладеть данными с вашего устройства, даже если вы перейдете по вредоносной ссылке. Главное не забывать обновлять защитные системы.

«Каждый месяц бывший муж переводит мне на карту алименты. Как-то вечером мы созвонились и он сказал, что перевел четыре тысячи. Мне сразу же пришло смс от банка о том, что деньги поступили. Ночью я получила еще одно уведомление от банка,"
42,Как меняется роль Банка России в защите интересов клиентов при реорганизации НПФ по сравнению с его мандатом по контролю инфляции?,"В контексте нет информации о мандате Банка России по контролю инфляции. Контекст описывает роль Банка России в защите интересов клиентов при реорганизации НПФ, которая заключается в надзоре и согласовании процесса, чтобы преобразованный фонд мог выполнить все обязательства перед клиентами.","doc_053,doc_185","Фрагмент (score: 0.87):
ельную пенсию или инвестируете через брокера, то хотите быть уверены, что ваши деньги не пропадут. Именно Банк России отвечает за то, чтобы финансовый рынок был устойчивым и на нем работали только честные и профессиональные компании.

В сфере надзора и контроля Банка России находятся банки и микрофинансовые организации, страховые компании и негосударственные пенсионные фонды, брокеры и доверительные управляющие. А также инвестиционные платформы, кредитные рейтинговые аг"
43,В каких законных случаях пенсионные накопления оказываются в другом фонде без вашего согласия?,"Согласно контексту, пенсионные накопления могут оказаться в другом фонде без согласия клиента только в двух законных случаях:

1. У НПФ отзывают лицензию на работу в области обязательного пенсионного страхования. Тогда средства его клиентов переходят в СФР (Социальный фонд России).
2. Фонд реорганизуют, например, присоединяют к другому НПФ. В такой ситуации все его активы и обязательства автоматически передаются в новый фонд.",doc_186,"Фрагмент (score: 0.91):
а вы стали клиентом фонда, какую сумму на счет перечислили работодатели или вы сами и какой доход принесли инвестиции этих денег.

Иногда в этой выписке обнаруживаются неприятные сюрпризы. Например, может оказаться, что вашими пенсионными накоплениями управляет не СФР или не тот НПФ, который вы выбрали, а неизвестный вам фонд.

## Как пенсионные накопления могли попасть в другой фонд без моего согласия?

По закону такое происходит только в двух случаях:

* У НПФ о"
44,Что делать при звонке «из банка» с тревожными новостями о счете?,"Согласно контексту, при звонке «из банка» с тревожными новостями о счете необходимо:
1. Не поддерживать разговор, не паниковать и не спешить.
2. Положить трубку.
3. Самостоятельно перезвонить в банк по официальному номеру горячей линии (номер можно посмотреть на официальном сайте банка или на банковской карте).
4. Набирать номер нужно вручную, а не перезванивать на тот, с которого поступил звонок.
5. Уточнить информацию у оператора банка.","doc_046,doc_309,doc_123","Фрагмент (score: 0.90):
о перепроверять любую информацию в первоисточнике.

Звонят из банка с тревожными новостями? Положите трубку и наберите номер горячей линии банка сами, чтобы прояснить реальное положение дел.

Прислали странное уведомление от имени Федеральной налоговой службы (ФНС)? Заведите личный кабинет на сайте ФНС — в нем можно проверить суммы налогов и сразу же оплатить их.

Получили «письмо счастья» о государственной выплате? Поищите новости об этом в деловых СМИ. А еще лучше"
45,Что делать при СМС о блокировке банковской карты?,"Согласно контексту, при получении СМС о блокировке банковской карты необходимо:
1. Не паниковать и не суетиться.
2. **Не звонить на неизвестные номера и не переходить по ссылкам из такого сообщения**, так как это может быть мошенничество.
3. **Немедленно позвонить на официальный номер горячей линии своего банка** (номер указан на обратной стороне карты и на сайте банка), чтобы уточнить информацию о блокировке.
4. Также можно обратиться в отделение банка.
5. Если карта действительно утеряна или скомпрометирована, её нужно заблокировать через мобильное приложение, онлайн-банк, по СМС (если услуга доступна) или через оператора горячей линии.","doc_343,doc_338","Фрагмент (score: 0.91):
Пришло сообщение: «Ваша карта заблокирована». Почему это могло произойти и что теперь делать? Прежде всего не паниковать и не суетиться: чаще всего блокировка карты — это способ обезопасить ваши деньги. Банковская карта — это всего лишь инструмент, который дает доступ к вашему банковскому счету. Когда карту блокируют, по ней нельзя совершать переводы и платежи, а также снимать наличные. При этом деньги остаются на вашем счете.

Если вам пришло сообщение о блокировке бан"
46,Кому доступен залог до продажи: жильцам ипотечной квартиры против владельца автомобиля в автоломбарде?,В контексте нет информации.,doc_276,"Фрагмент (score: 0.89):
это будет договор с МФО).

В автоломбарде заемщику должны выдавать залоговый билет — бумажный или электронный. В МФО вам предложат подписать договор потребительского займа под залог машины, но без хранения ее у кредитора. Внимательно изучите условия и определитесь, что вам выгоднее.

Если ломбард пытается заключить с вами сделку на незаконных условиях или под вывеской ломбарда на самом деле работает МФО, можно пожаловаться на них в интернет-приемную Банка России.

К"
47,"Как узнать, в каких БКИ хранится моя кредитная история, чтобы посмотреть свой индивидуальный рейтинг?","Согласно контексту, чтобы узнать, в каких бюро кредитных историй (БКИ) хранится ваша кредитная история и посмотреть свой индивидуальный рейтинг, необходимо:

1.  Получить список всех БКИ, в которых есть сведения о ваших кредитах и займах. Этот список (с полными названиями бюро, адресами, телефонами и ссылками на сайты) можно получить через Центральный каталог кредитных историй (ЦККИ) на сайте Банка России.
2.  Перейти по ссылкам на сайты этих бюро.
3.  На сайтах БКИ заполнить регистрационную форму или авторизоваться с помощью подтвержденной учетной записи на «Госуслугах».
4.  После регистрации и подтверждения контактных данных в личном кабинете каждого бюро вы сможете увидеть присвоенный вам индивидуальный рейтинг.","doc_015,doc_318","Фрагмент (score: 0.91):
ека, а вернее, ее части, хранится в разных БКИ.

Чтобы посмотреть свою кредитную историю целиком, нужно сначала выяснить, в каких БКИ хранятся записи о ваших долгах, и в каждом из них запросить отчет. Подробная инструкция, как найти и получить эту информацию, есть в статье «Кредитная история».

Когда БКИ исключают из реестра Банка России, ничего страшного для заемщиков не происходит. Все данные из ликвидированного бюро передают в другое БКИ из реестра. Но процесс пере"
48,Какие меры нужны для безопасных онлайн-платежей с детской карты?,"Согласно контексту, для безопасных онлайн-платежей с детской карты родителям рекомендуется:

1. **Отключить или контролировать онлайн-покупки.** Можно настроить запрет на онлайн-покупки или установить контроль, при котором каждая попытка оплаты в интернете требует подтверждения от родителей через уведомление. Без подтверждения платеж не пройдет.

2. **Использовать систему безопасных платежей (3D-Secure).** При оплате искать логотипы MasterCard SecureCode, Visa Secure и Mir Accept. Покупка подтверждается одноразовым паролем из СМС, который нельзя никому сообщать.

3. **Завести отдельную карту для онлайн-покупок.** Для интернет-расчетов безопаснее использовать отдельную (в том числе виртуальную) карту, класть на нее только необходимую сумму и устанавливать лимиты на операции.

4. **Внимательно проверять адреса магазинов и сервисов,** а постоянные сохранять в закладках.","doc_233,doc_069,doc_178","Фрагмент (score: 0.88):
 или в отделении банка родители могут установить лимиты на траты в день, неделю или месяц. А также ограничить максимальную сумму каждой покупки, перевода или снятия наличных.

**Отключить лишние операции.** К примеру, настроить запрет на онлайн-покупки. Или установить контроль над ними: при каждой попытке оплаты в интернете родители будут получать уведомление. Если они не подтвердят операцию, платеж не пройдет.

Также можно запретить снимать с карты наличные или делат"
49,Какие действуют лимиты: сколько возмещает АСВ по дополнительной пенсии и какие максимальные суммы обычно выдают МФО?,"Согласно контексту, Агентство по страхованию вкладов (АСВ) возмещает средства с индивидуальных пенсионных счетов в негосударственных пенсионных фондах (НПФ) с определенными лимитами:

1. **Максимальный размер возмещения от государства** составляет **2,8 млн рублей**. Эта сумма включает как взносы, так и инвестиционный доход, если он уже был начислен на счет.

2. Для тех, кто **уже получает дополнительную пенсию**, государство гарантирует продолжение ежемесячных выплат, но **только в пределах четырех социальных пенсий по старости**. Если выплаты превышали этот лимит, их размер может быть снижен.

В контексте **нет информации** о максимальных суммах, которые обычно выдают МФО (микрофинансовые организации). Вопрос о МФО выходит за рамки предоставленного контекста, который касается исключительно пенсионных накоплений в НПФ и компенсаций от АСВ.","doc_326,doc_182,doc_227","Фрагмент (score: 0.91):
ока вы еще копите, то АСВ выплатит вам компенсацию. Она будет учитывать не только взносы, но и инвестиционный доход, если фонд уже начислил его на ваш пенсионный счет. Но максимальный размер возмещения от государства составит 2,8 млн рублей.

В случаях, когда на индивидуальном пенсионном счете было больше 2,8 млн рублей или выплаты превышали четыре социальные пенсии по старости, придется дождаться, пока закончится процедура ликвидации фонда. Она проходит под контролем А"
50,Как по-разному обращаются со штрафами и пенями при ипотечных каникулах и при судебном банкротстве?,"В контексте нет информации о том, как именно обращаются со штрафами и пенями при ипотечных каникулах. В контексте упоминается, что при внесудебном банкротстве сумма долга для его инициации (от 25 000 до 1 000 000 рублей) рассчитывается **без учета штрафов, пеней и процентов за просрочку платежа**.","doc_094,doc_047,doc_023","Фрагмент (score: 0.88):
 ипотечных каникулах обязательно вносится в кредитную историю. Однако этот факт не портит ее.

Другое дело — если вы нарушили условия каникул. Например, задерживали уменьшенные платежи или вообще не стали их вносить, хотя должны были. Это ухудшит ваш кредитный рейтинг и может помешать вам в будущем получать кредиты на выгодных условиях. Поэтому лучше придерживаться договоренностей с банком и все проблемы с выплатами сразу обсуждать с кредитором напрямую.

## Что делат"
51,"Как проходят расчеты при продаже квартиры, находящейся в залоге у банка?","Согласно контексту, расчеты при продаже квартиры, находящейся в залоге (в ипотеке), проходят строго через ипотечный банк продавца. Это обязательное условие, чтобы кредитор мог проконтролировать погашение или переоформление долга.

Оплата возможна через следующие способы:
*   счет эскроу,
*   аккредитив,
*   банковскую ячейку,
*   номинальный счет.

Конкретный порядок расчетов прописывается в договоре купли-продажи, где указывается, какая часть стоимости — это переходящий кредитный долг, а какую сумму продавец получит на руки.",doc_079,"Фрагмент (score: 0.90):
упателю.

Обычно банки одобряют продажу в двух случаях: либо по итогу сделки долг по кредиту будет полностью закрыт, либо его возьмет на себя покупатель.

Еще одно обязательное условие: расчеты по сделке будут проходить именно через ипотечный банк продавца. Так кредитор сможет проконтролировать, что долг будет погашен или переоформлен на нового заемщика.

На самом деле участие банка снижает риски всех сторон. Ведь он также проследит, чтобы покупатель стал собственни"
52,"Каков общий лимит вычета на взносы при сочетании ИИС‑3, ПДС, доппенсии?","Общий лимит вычета на взносы при сочетании ИИС‑3, ПДС и доппенсии составляет 400 000 рублей в год.","doc_014,doc_247","Фрагмент (score: 0.92):
ать деньги в программе минимум пять лет. То есть получить сбережения со счета и не потерять право на вычет он сможет, только когда ему будет не меньше 64 лет.

**Лимит вычета на взносы** – 400 000 рублей в год. То есть, если вы положите на ИИС-3, счет ПДС или пенсионный счет такую сумму в течение года, вернете до 52 000 рублей = 400 000 х 13%.

Учтите, что это общий лимит для всех ваших отчислений на ИИС-3, ПДС и НПО. Предположим, за один календарный год вы внесете 25"
53,Когда кредитор сможет продать залог: автомобиль в автоломбарде против ипотечной квартиры?,"На основе предоставленного контекста можно сравнить условия продажи залога:

**Для автомобиля в автоломбарде:**
Кредитор (автоломбард) может продать автомобиль, если заёмщик **не выплатит долг вовремя**. Контекст прямо указывает: ""А если вы не выплатите долг вовремя — автомобиль продадут"". Процедура или сроки явно не уточняются, но подразумевается, что это происходит после наступления просрочки.

**Для ипотечной квартиры:**
Контекст не содержит конкретной информации о том, когда именно кредитор сможет продать квартиру, находящуюся в залоге по ипотеке. Упоминается только, что банк сможет через суд забрать её в счёт погашения долга, **если не будут своевременно производиться платежи**.

**Вывод:**
В контексте есть информация о продаже автомобиля в автоломбарде (при невыплате долга вовремя), но отсутствует конкретная информация о сроках или условиях продажи ипотечной квартиры. Упоминается лишь общая возможность взыскания через суд при просрочке.","doc_276,doc_141","Фрагмент (score: 0.90):
Виктору срочно потребовались деньги на ремонт квартиры. Он не уверен, что банк одобрит ему кредит, так как уже допускал просрочки по старым займам. Но у него есть «Газель», которую можно заложить в ломбард. Рассказываем, в каких случаях может выручить автоломбард и какие риски подстерегают владельца машины. Ломбарды выдают займы под залог ценных вещей. В автоломбарде можно получить деньги под залог машины.

Обычно оформление такой ссуды занимает около часа и требует мин"
54,"На что смотреть при покупке полиса ДМС, чтобы не ошибиться?","Согласно контексту, при покупке полиса ДМС, чтобы не ошибиться, нужно обратить внимание на следующее:

1. **Проверить лицензию страховой компании** в справочнике Банка России.
2. **Убедиться в подлинности сайта** страховщика при онлайн-оформлении, используя контакты из реестра регулятора или маркировку официальных сайтов в поисковых системах (галочка в синем кружке).
3. **Внимательно изучить сам полис:**
    * Перечень доступных клиник, врачей и обследований.
    * Ограничения по числу визитов.
    * Список исключений (услуги, не покрываемые полисом, например, лечение хронических болезней, вакцинация).
    * Какие справки можно оформить (например, больничный).
4. **Выбирать полис по критериям**, которые важны лично вам:
    * По конкретной клинике или врачу (удобство расположения, наличие специалиста).
    * По набору услуг (широта покрытия, включение стоматологии, международной помощи и т.д.).","doc_118,doc_160","Фрагмент (score: 0.92):
рые сравнивают предложения сразу многих компаний.

## На что обратить внимание при покупке полиса ДМС?

В первую очередь проверьте лицензию страховой компании в справочнике Банка России.

Если решите оформлять договор онлайн, убедитесь, что попали на настоящий сайт страховщика, а не к мошенникам. Контакты компании можно найти в реестре регулятора. В поисковых системах «Яндекс» и Mail.ru официальные сайты страховых организаций легко отличить с помощью специальной мар"
55,"Где по умолчанию хранятся пенсионные накопления, допускается ли перевод между СФР и НПФ?","Согласно контексту, по умолчанию пенсионные накопления хранятся в Социальном фонде России (СФР), а их инвестированием занимается государственная управляющая компания ВЭБ.РФ, если человек никогда не писал заявлений о переводе своих накоплений.

Да, перевод между СФР и НПФ допускается. Можно перевести накопления из Соцфонда в негосударственный пенсионный фонд (НПФ) или вернуть их из НПФ обратно в СФР. Также возможен переход из одного НПФ в другой.","doc_244,doc_186","Фрагмент (score: 0.92):
Если вы родились после 1966 года и успели хоть немного поработать с 2002 по 2014 год, то у вас естьпенсионные накопления. Это часть вашей будущей государственной пенсии, которую пенсионные фонды инвестируют, чтобы увеличить ваш доход в старости. Если полученная прибыль вас не устраивает, можно перевести свои деньги в другой фонд с более удачной инвестстратегией. Рассказываем, как это лучше делать. ## Как узнать, где лежат мои пенсионные накопления?

Ваши пенсионные нако"
56,Почему обещания кредитного брокера «гарантируем кредит» не заслуживают доверия?,"Согласно контексту, обещания кредитного брокера «гарантируем кредит» не заслуживают доверия по следующим причинам:

1. **Брокеры не могут гарантировать получение кредита** — это прямо указано в их ограничениях.
2. **Решение о выдаче кредита принимает система банка/МФО**, а не брокер. В крупных организациях заявки сначала анализирует робот, и у брокера нет доступа к этой программе.
3. **Даже если заявка переходит на рассмотрение к специалисту**, знакомство брокера с этим сотрудником вряд ли сможет повлиять на решение.
4. **Если брокер уверяет, что поможет получить кредит любому**, он говорит неправду. Такие гарантии часто являются признаком мошенничества.","doc_056,doc_045","Фрагмент (score: 0.90):
;
* исходя из собственного опыта рассказать, в каких организациях вероятность получить кредит выше, а какие кредиторы тщательно проверяют платежеспособность заемщиков.

При этом понятия «кредитный брокер» в законодательстве нет. Их работу никто не регламентирует и не контролирует. Они не могут заключать договоры с клиентами от имени кредиторов без специальной доверенности. Но банки и МФО выдают такие доверенности только для оформления кредитов в точках продаж — наприме"
57,Какими способами пополнить карту безналичной валютой и можно ли затем снять эти деньги в иностранной наличности?,"Согласно контексту, пополнить карту безналичной валютой можно следующими способами:
1.  Через онлайн-банк, переведя деньги с рублевого счета по внутреннему обменному курсу банка (реже — по курсу Банка России).
2.  Перевести валюту со счета в брокерской компании после обмена валюты на бирже.

Что касается снятия этих денег в иностранной наличности, в контексте нет информации, которая прямо отвечает на этот вопрос. В тексте описаны общие комиссии за снятие наличных за границей, но не указано, применяются ли они именно к средствам, изначально пополненным безналичной валютой.",doc_215,"Фрагмент (score: 0.88):
 — для США, в юанях — для Китая и так далее.
* Нет лишних конвертаций из рубля в нужную валюту: покупаете долларовой картой ботинки за 20 долларов — с карты снимут ровно 20 долларов.
* Пополнять карту с рублевого счета можно через онлайн-банк по внутреннему обменному курсу банка (реже — по курсу Банка России) или переводить валюту со счета в брокерской компании после обмена валюты на бирже.

**Минусы:**

* Не все банки оформляют валютные карты.
* Обслуживание карты"
58,"Какие действия нужны, чтобы получить выплату после ДТП по европротоколу, включая необходимые доказательства?","Согласно контексту, чтобы получить выплату после ДТП по европротоколу, необходимы следующие действия и доказательства:

**Действия:**
1. **Оформить извещение о ДТП (европротокол)** в бумажном виде или электронно через мобильное приложение.
2. **Провести фотофиксацию** места аварии и повреждений транспортных средств с помощью специального мобильного приложения (это важно для размера выплаты).
3. **Собрать и предоставить страховщику пакет документов**, который включает:
    * Извещение о ДТП (или его регистрационный номер при электронном оформлении).
    * Паспорт и водительское удостоверение.
    * Документ о праве собственности на ТС.
    * Доверенность, если обращается не собственник.
    * Письменные показания свидетелей (при наличии).
4. **Предоставить страховщику** фото- или видеосъемку места аварии **либо регистрационный номер фотофиксации** из приложения.
5. **Подать документы** в страховую компанию лично в офисе, по почте заказным письмом с уведомлением или, при желании получить денежную компенсацию, дополнительно передать банковские реквизиты.

**Важно для размера выплаты:**
* Если есть **согласие по обстоятельствам и повреждениям** и проведена **фотофиксация**, то выплата максимальна.
* Если фотофиксация **не сделана**, выплата будет ниже — до 100 000 рублей.
* Если есть **разногласия**, но оформление и фотофиксация проведены, выплата составит до 200 000 рублей, но вопрос о том, кто её получит (виновник или пострадавший), будет решать страховщик.","doc_281,doc_011","Фрагмент (score: 0.91):
если водители:

* договорились по поводу обстоятельств ДТП и согласились с перечнем повреждений;
* оформили извещение о ДТП в бумажном или электронном виде;
* провели фотофиксацию аварии и повреждений ТС с помощью специального мобильного приложения.

Когда участники аварии пришли к общему мнению об обстоятельствах происшествия и повреждениях, заполнили извещение о ДТП, но не сделали фотофиксацию, возмещение будет ниже — **до 100 000 рублей**.

Если водители оформи"
59,Что будет с авто в залоге по автокредиту при просрочке либо после смерти заемщика?,"На основе предоставленного контекста можно ответить на обе части вопроса.

**При просрочке платежей по автокредиту:**
Если вы не будете своевременно платить по автокредиту, банк сможет через суд забрать эту машину в счет погашения долга. Кредитор не может отсудить имущество, находящееся в залоге, пока наследники не получат свидетельство о праве собственности на него (это относится к ситуации после смерти).

**После смерти заемщика:**
Если автомобиль, который вы унаследуете, находится в залоге у банка, вы получите право собственности на него и сможете им пользоваться. Однако вы не будете вправе продавать или дарить его, пока не погасите кредит. Если вы поймете, что вам не по силам платить по кредиту, можете добровольно передать кредитору залоговое имущество и таким образом погасить долг.","doc_141,doc_040,doc_248","Фрагмент (score: 0.90):
и хлопотами. Возможно, к этому моменту кредитор успеет передать просроченный долг коллекторам — а с ними не всегда получается договориться о реструктуризации кредита или займа.

## Как действовать, если кредит был взят под залог или поручительство?

Может выясниться, что квартира или машина, которую вы унаследуете, находится в залоге у банка. Когда вы вступите в наследство, то получите право собственности на нее и сможете ей пользоваться. Но будете не вправе продавать"
60,Как различается защита денег при отзыве лицензии у банка: депозит против счета эскроу?,"Согласно контексту, защита денег при отзыве лицензии у банка различается следующим образом:

**Для счёта эскроу:**
*   Деньги защищены государственной системой страхования вкладов (Агентством по страхованию вкладов, АСВ).
*   В случае отзыва лицензии у банка, АСВ может сразу перевести средства (в пределах 10 млн рублей) на новый счёт эскроу в другом уполномоченном банке.
*   Процедура возврата средств быстрая.

**Для банковского аккредитива (и, по аналогии, для обычного депозита, если сумма превышает страховой лимит):**
*   Деньги на аккредитиве **не застрахованы** государством.
*   Если лицензию отзовут до завершения сделки, вернуть средства можно будет только в ходе длительной процедуры банкротства или ликвидации банка.

Таким образом, ключевое отличие — наличие государственной страховой защиты (до 10 млн рублей) и быстрый механизм возврата для счёта эскроу, в то время как по аккредитиву такой защиты нет, и возврат средств сложен и длителен.","doc_029,doc_232","Фрагмент (score: 0.90):
вают считаные банки.

### Минусы:

* Деньги на банковском аккредитиве не застрахованы государством. Если у банка отзовут лицензию, пока сделка не завершена, вернуть хоть что-то удастся только в ходе длительной процедуры банкротства или ликвидации банка. В то время как на счете эскроу до 10 млн рублей защищены государственной системой страхования вкладов.
* Сложный, строго регламентированный оборот документов. Благодаря этому контроль выше, но сделки могут проходить д"
61,Как официальные данные об инфляции можно использовать при решении: брать ипотеку или разместить деньги на вкладе?,"Согласно контексту, официальные данные об инфляции можно использовать следующим образом:

1. **При решении о взятии ипотеки**: если инфляция снижается, возможно, стоит немного подождать, так как могут понизиться ставки по кредитам. Если инфляция стабильна и близка к цели Банка России, решение можно принимать уже сейчас.

2. **При размещении денег на вкладе**: при стабильно низкой инфляции не стоит ожидать внезапного роста процентов по вкладам. Однако хранить деньги «под подушкой» также не стоит, так как ставка по депозиту поможет «обыграть» инфляцию и избежать потерь из-за неё.","doc_016,doc_102","Фрагмент (score: 0.91):
и услуг — когда устанавливают цены. Банки — когда определяют ставки по кредитам и депозитам, работодатели — когда принимают решение об индексации зарплат, государство — когда индексирует тарифы естественных монополий (цены на услуги ЖКХ и т. п.), повышает пенсии и социальные выплаты.

### Как самому использовать официальные данные?

Информация помогает и в обычной жизни. Например, вы планируете взять ипотеку. Если инфляция снижается, то, возможно, вам стоит немного по"
62,"Как неквалу получить доступ к ETF зарубежных рынков, а также к паям ЗПИФов?","На основе предоставленного контекста:

**Для доступа к ETF зарубежных рынков** неквалифицированному инвестору (неквалу) доступны следующие варианты:
1. **Через российские биржи** можно покупать паи ETF, которые никак не связаны с недружественными странами и соответствуют определённым условиям (входят в первые два котировальных списка или привязаны к ведущим зарубежным индексам с договором создателя с российской биржей). Для остальных «дружественных» ETF потребуется пройти специальное тестирование.
2. **Прямая покупка на зарубежных биржах** сопряжена с высоким риском блокировки активов, и почти никто из российских брокеров не предоставляет такую возможность. Для таких сделок потребуется отдельный счёт (ИИС не подойдёт).
3. Можно найти **иностранного брокера или управляющего**, но в случае нарушения прав придётся судиться за пределами России по законам другой страны.

**Для доступа к паям ЗПИФов:**
*   Паи ЗПИФов, которые торгуются на бирже и входят в первый или второй уровень листинга, все инвесторы (включая неквалов) могут покупать **без ограничений**.
*   Паи ЗПИФов из некотировальной части списка биржи — более рискованные, и неквалифицированные инвесторы могут вложиться в них **только после прохождения тестирования**. Исключение составляют те, кто купил паи таких ЗПИФов до 1 октября 2021 года, — им тест не нужен.","doc_108,doc_167","Фрагмент (score: 0.91):
торгуются на российских биржах, созданы компаниями и включают активы из недружественных стран. Велик риск, что ценные бумаги таких фондов попадут под блокировку из-за санкций. Поэтому они доступны только квалифицированным инвесторам.

Неквалы могут вкладываться в ETF из дружественных стран, но пока таких фондов на российских биржах нет.

Есть и другой вариант — купить ETF на зарубежных биржах. Но велик риск блокировки этих активов. Поэтому почти никто из российских бр"
63,Совместима ли компенсация 450 000 ₽ по ипотеке для третьего ребенка с имущественным налоговым вычетом?,"На основе предоставленного контекста можно сделать вывод, что эти меры поддержки не исключают друг друга, но прямого утверждения об их совместимости в тексте нет.

Контекст раздельно описывает:
1.  Имущественный налоговый вычет при покупке жилья (возврат НДФЛ с суммы до 2 млн рублей и с процентов до 3 млн рублей).
2.  Компенсацию 450 000 рублей на погашение ипотеки для семей с тремя и более детьми.

В тексте отсутствует формулировка, которая прямо запрещает или разрешает использование обеих мер одновременно. Упоминание, что компенсацию можно получить только один раз, относится именно к самой этой компенсации (450 000 ₽), а не к её сочетанию с другими видами поддержки.

**Ответ:** В контексте нет информации, прямо подтверждающей или опровергающей совместимость этих двух мер.","doc_330,doc_013,doc_282","Фрагмент (score: 0.91):
ые предоставляет государство, — вы можете оформить возврат налогового вычета при покупке квартиры.

Семьи с тремя и более детьми также вправе получить компенсацию до 450 000 рублей на погашение ипотеки.

Обновлено 03.08.2022 в 16:14
---
Фрагмент (score: 0.89):
х налоговой.

Это правило распространяется на случаи, когда вы оплатили недвижимость кредитными деньгами. Но для получения такого вычета необходимо иметь официальный доход, который облагается налогом.

Разре"
64,Какие приемы помогают сократить импульсивные траты?,"Согласно контексту, для сокращения импульсивных трат предлагаются следующие приемы:

1. **Учет доходов и расходов** в течение хотя бы пары месяцев, чтобы понять, на что уходят деньги, и избегать импульсивных покупок.
2. **Использовать опцию «отложить»** — выбрать товар, но отложить покупку на несколько часов или день, чтобы понять, действительно ли она нужна.
3. **Составлять списки покупок**, чтобы покупать только необходимое и не делать спонтанных приобретений.

Также в контексте упоминается, что контроль трат и составление финансового плана помогают оптимизировать расходы и правильно расставлять приоритеты.","doc_201,doc_022,doc_072","Фрагмент (score: 0.86):
ивычкой. Учет доходов и расходов хотя бы в течение пары месяцев поможет понять, на что уходят деньги, и научиться тратить их разумнее, избегая импульсивных покупок, которые бьют по бюджету.

Фиксировать свои траты можно разными способами: с помощью сервисов финансового планирования, таблицы в Excel или в обычном блокноте.

## 4. Составить финансовый план

Контроль трат помогает оптимизировать свои расходы. Но лучше действовать комплексно и создать финансовый план. О"
65,"Зачем финансовая подушка безопасности нужна семье так же, как зрелому бизнесу?",В контексте нет информации.,"doc_313,doc_332,doc_225","Фрагмент (score: 0.87):
оды растут.

## Шаг 2. Создайте страховочную сетку

Если вы еще этого не сделали, добавьте в свой план цель № 1 — создать финансовую подушку безопасности. Это своего рода запас на черный день — деньги, которыми вы быстро сможете воспользоваться в экстренном случае. Безопаснее всего открыть вклад до востребования или с возможностью частичного снятия в надежном банке. В идеале стоит отложить от трех до шести среднемесячных доходов вашей семьи.

Продумайте, как максима"
66,Чем отличаются государственные гарантии для денег на эскроу при покупке новостройки и для банковского вклада?,"Согласно контексту, государственные гарантии для денег на эскроу и для обычного банковского вклада одинаковы в части страховой суммы. Оба типа счетов защищены системой страхования вкладов АСВ в пределах **10 млн рублей**.

Однако ключевое отличие заключается в процедуре возврата средств, если у банка отзовут лицензию:
*   Для **банковского вклада** деньги возвращаются вкладчику.
*   Для **счета эскроу** при покупке новостройки просто забрать деньги не получится. Необходимо дождаться, пока застройщик выберет другой уполномоченный банк, открыть там новый счет эскроу, и затем АСВ переведет на него средства (в пределах страховой суммы). Цель защиты — не возврат денег дольщику, а обеспечение продолжения финансирования строительства.",doc_232,"Фрагмент (score: 0.91):
ратиться в банк.

**Если банк, в котором у вас открыт счет эскроу, потеряет лицензию,** вы защищены. Государственное Агентство по страхованию вкладов (АСВ) сможет сразу перевести до 10 млн рублей со старого счета на эскроу в другом банке. В каком банке нужно будет открыть новый счет, решит застройщик.

Строительные компании чаще всего возводят дома на кредитные деньги. И им выгодно завершить объект как можно быстрее, чтобы получить доступ к деньгам со счетов эскроу, п"
67,Как безопаснее настроить оплату частями в онлайн‑магазине?,В контексте нет информации.,"doc_036,doc_087,doc_069","Фрагмент (score: 0.89):
карты в приложении интернет-магазина, которое могут взломать хакеры.

**Совет.** Многие онлайн-сервисы предлагают оплату через системы мобильных платежей. Выбирайте именно этот способ — он работает как защитный шлюз для ваших денег.

Если есть возможность, старайтесь не использовать приложения и сайты, которые просят вас вводить реквизиты банковской карты. Выбирайте те, что предлагают оплату с помощью систем платежей Apple Pay, Google Pay, Mir Pay или Samsung Pay.

"
68,"Какие льготы предусмотрены по программе долгосрочных сбережений, включая размер вычета на взносы?","Согласно контексту, по программе долгосрочных сбережений предусмотрен **налоговый вычет на долгосрочные сбережения**. Он позволяет освободить от НДФЛ как сами взносы (вложения), так и полученную по этим инструментам прибыль.

**Размер вычета на взносы** составляет:
*   Лимит для расчета льготы — **400 000 рублей в год** (суммарно на взносы на ИИС-3, счета ПДС и дополнительные пенсии).
*   Максимальная сумма к возврату зависит от ставки НДФЛ:
    *   При ставке 13% можно вернуть до **52 000 рублей** (400 000 х 13%).
    *   При повышенных ставках (например, 22%) вычет может вырасти до **88 000 рублей** (400 000 х 22%).

Этот вычет можно сочетать с другими налоговыми льготами (имущественными, социальными).",doc_247,"Фрагмент (score: 0.91):
т другой вид вычета — социальный.

Вычет на долгосрочные сбережения позволяет освободить от НДФЛ и вложения в эти инструменты, и полученную по ним прибыль. По сути, он объединяет сразу два налоговых бонуса — **вычет на взносы** и **вычет на доход**.

Вычет на взносы возможен, только когда у вас есть официальный заработок и вы платите с него НДФЛ. Для вычета на доход необязательно получать зарплату или другие деньги, которые облагаются налогом.

Оба вида вычетов дейс"
69,Какие лимиты действуют для бесплатных переводов по СБП по сравнению с кэшаутом?,"В контексте нет информации о сравнении лимитов для бесплатных переводов по СБП с лимитами на кэшаут (снятие наличных). В предоставленных фрагментах описываются только лимиты и комиссии, связанные с переводами.","doc_200,doc_054","Фрагмент (score: 0.89):
е банка. Также можно решить этот вопрос в офисе банка или по телефону его горячей линии — он указан в договоре банковского счета, на оборотной стороне банковской карты или на официальном сайте банка.

## Какой будет комиссия за переводы?

Когда вы пересылаете деньги другим людям, можно бесплатно отправить до 100 000 рублей в месяц. В этот лимит входят также переводы на любые электронные кошельки, в том числе собственные.

Если перекидываете сбережения между своими с"
70,Как проходит расчет через счет эскроу при долевом строительстве?,"Согласно контексту, расчет через счет эскроу при долевом строительстве проходит следующим образом:

1. Покупатель заключает **трехсторонний договор** со строительной компанией и банком.
2. На время строительства покупатель вносит деньги на специальный **счет эскроу**, где банк их блокирует и хранит.
3. Банк одновременно выдает кредит застройщику для финансирования строительства.
4. **После сдачи дома** банк передает деньги застройщику, а покупатели получают свои квартиры. Застройщик затем расплачивается полученными деньгами по кредиту, а оставшиеся средства составляют его прибыль.

Также в контексте отмечается, что деньги на счетах эскроу застрахованы государством, а повышенная защита для покупателя действует с момента внесения денег на счет и до их перевода застройщику после сдачи дома.","doc_232,doc_331,doc_065","Фрагмент (score: 0.91):
nan ## Что такое долевое строительство?

Квартира на этапе строительства, а тем более проекта, может стоить гораздо дешевле, чем готовое жилье. Будущие жильцы заранее оплачивают свои квадратные метры и таким образом вносят свою лепту в финансирование стройки. Это и называется долевым строительством.

Сегодня самый распространенный вариант расчетов при долевом строительстве — через счет эскроу. По этой схеме покупатель заключает трехсторонний договор со строительной ко"
71,Кто контролирует профессиональных участников фондового рынка?,"Согласно контексту, профессиональных участников фондового рынка контролирует регулятор — Банк России. Он следит за работой брокеров, управляющих, регистраторов, депозитариев и бирж, выдает им лицензии и обеспечивает соблюдение нормативов.","doc_234,doc_053,doc_192","Фрагмент (score: 0.89):
 США, но в вашем российском депозитарии появится запись, что вы являетесь ее владельцем.

## Кто контролирует порядок на фондовом рынке и бирже?

Этим занимается **регулятор** — государственная организация, которая следит за работой всех профессиональных участников фондового рынка: брокеров и управляющих, а также регистраторов, депозитариев и бирж.

На российском рынке эти функции выполняет Банк России. Он выдает всем профессиональным участникам рынка специальные ли"
72,"На какой срок разумно вкладываться в драгоценные металлы для сохранения сбережений, чтобы вписать это в финансовый план?","Согласно контексту, для сохранения сбережений и обгона инфляции вкладываться в драгоценные металлы разумно на долгий срок — **не меньше 10–15 лет**. На таком горизонте инвестиции, как правило, помогают сохранить сбережения. Краткосрочные вложения (например, на месяц-два или даже 1–2 года) сопряжены с риском падения стоимости и убытков.","doc_171,doc_258,doc_187","Фрагмент (score: 0.88):
аллы — это вечные ценности, а в кризисы их стоимость обычно растет. Вы можете покупать металл у банка и продавать ему в любое время и в любом количестве. За эти операции банки обычно не берут комиссию, а покупки не облагаются НДС.

Все эти утверждения правдивы. Но далеко не всегда вас предупреждают о том, что цены на драгметаллы сильно колеблются. При вложениях на долгий срок — не меньше 10–15 лет — инвестиции в золото и серебро, как правило, действительно помогают обог"
73,При каких условиях мобилизованный ИП может перейти на НПД?,"Согласно контексту, мобилизованный индивидуальный предприниматель (ИП) может перейти на налог на профессиональный доход (НПД) при следующих условиях:
1.  У предпринимателя **нет сотрудников**.
2.  Он **соответствует другим критериям самозанятости** (например, не входит в перечисленные в контексте запрещенные категории, такие как посредник, продавец маркируемых товаров и т.д.).

При выполнении этих условий ИП может перейти на НПД на время службы.","doc_035,doc_001","Фрагмент (score: 0.90):
и отчетности, никаких заявлений подавать не потребуется.

На время службы ИП может перейти со своего режима налогообложения на уплату налога на профессиональный доход (НПД). Это можно сделать, когда у предпринимателя нет сотрудников и он соответствует другим критериям самозанятости. НПД уплачивается с каждой сделки. Но поскольку в период мобилизации сделок нет, то и налог платить не придется.

Подать заявление об изменении налогового режима можно будет даже после возв"
74,"Кому доступен банковский вклад, а кому положен имущественный вычет при покупке жилья?","В контексте нет информации о банковских вкладах и о том, кому они доступны.

Что касается имущественного вычета при покупке жилья, из контекста следует, что он доступен:
1. Лицам, имеющим официальный доход, с которого уплачивается НДФЛ.
2. Покупателям жилья (квартиры, комнаты, дома с землей, доли в строящемся доме, земельного участка под строительство).
3. При этом есть ограничение: вычет не предоставляется, если недвижимость куплена у взаимозависимых лиц (супруги, родители, дети, братья и сестры, опекуны и подопечные). Однако на родственников супруга (например, родителей жены) это ограничение не распространяется.",doc_345,"Фрагмент (score: 0.89):
астся при покупке недвижимости у так называемых взаимозависимых лиц — это супруги, родители, дети, братья и сестры, опекуны и подопечные.

Но на родственников супруга это ограничение не распространяется. Например, если муж купит квартиру у родителей жены, у него есть право на вычет.

### Какую сумму удастся вернуть за счет имущественного вычета на покупку жилья?

Лимит вычета составляет **2 млн рублей**. Такую сумму ваших доходов разрешается освободить от НДФЛ. При "
75,Какие документы подтверждают ваши права по онлайн-сделке на маркетплейсе в отличие от случая утери векселя?,"В контексте нет информации о документах, подтверждающих права по онлайн-сделке в случае утери векселя. В контексте упоминается только, что выписка обо всех операциях через маркетплейс, получаемая через Госуслуги, в юридическом смысле заменяет традиционный бумажный договор.",doc_349,"Фрагмент (score: 0.87):
Через маркетплейс договоры заключают онлайн, круглосуточно. Достаточно всего один раз зарегистрироваться на платформе с помощью подтвержденной учетной записи на Госуслугах. Иногда требуется дополнительная идентификация: представитель платформы приедет, чтобы сфотографировать вас и ваш паспорт.
* **Финансы в режиме одного окна.** Некоторые платформы позволяют решить сразу много финансовых задач: например, купить полис ОСАГО, открыть депозит, вложить деньги в паи ПИФов. И "
76,"Кто контролирует МФО, а кто — коллекторов?","На основе предоставленного контекста можно сделать следующий вывод:

*   **Коллекторов** контролирует **Федеральная служба судебных приставов (ФССП)**. В контексте указано, что коллекторские агентства должны быть из реестра ФССП, и на них можно жаловаться в эту же службу.

*   **Контролирующий орган для МФО (микрофинансовых организаций)** в предоставленных фрагментах прямо не указан. В контексте есть упоминание, что МФО, как и банки, могут передавать долги коллекторам, но конкретный контролёр (например, Банк России) не назван.

**Ответ:** Согласно контексту, коллекторов контролирует Федеральная служба судебных приставов (ФССП). Информация о том, кто контролирует МФО, в контексте отсутствует.","doc_344,doc_226","Фрагмент (score: 0.88):
 общения, вы будете знать, на кого пожаловаться.

## Проверьте коллектора

Если коллектор называет не то агентство, о котором вас уведомил кредитор, лучше сразу отказаться от общения. Свяжитесь с кредитором и проясните ситуацию.

По закону банк, МФО или КПК могут передать ваши долги только коллекторскому агентству из реестра Федеральной службы судебных приставов (ФССП). Посмотрите, есть ли коллекторская организация в этом госреестре и действует ли сейчас ее аккредит"
77,"Что стоит внимательно проверить в договоре, если вы оформляете НПО в НПФ и если берете заем?","В контексте нет информации о том, что нужно проверять в договоре при оформлении НПО в НПФ и при взятии заема.","doc_185,doc_186","Фрагмент (score: 0.89):
язательно изучите формулу расчета выкупной суммы — вы найдете ее в своем договоре с прежним НПФ и в пенсионных правилах на его сайте. После реорганизации они не поменяются. А срок пребывания в фонде по-прежнему будет отсчитываться с момента, когда вы заключили договор со старым НПФ. Поэтому стоит взвесить: покидать фонд в процессе реорганизации или подождать, пока выкупная сумма подрастет.

**3. Вам придется заплатить налоги.** Когда выкупная сумма оказывается больше то"
78,Как начисляются проценты и штрафы во время кредитных каникул по санкциям и по мобилизации?,"На основе контекста:

**По санкциям (для всех заемщиков):**
*   **Проценты** — **ДА, начисляются** по ставке, предусмотренной кредитным договором.
*   **Штрафы и пени** — **НЕТ, не увеличиваются**. Их размер замораживается на период каникул, но их необходимо будет выплатить после окончания льготного периода.

**По мобилизации (для мобилизованных и других участников СВО):**
*   **Проценты** — **НЕТ, не начисляются** по любым кредитам и займам (с 6 апреля 2024 года). Переплата не растет.
*   **Штрафы и пени** — **НЕТ, не начисляются**. Более того, все неустойки, возникшие с 24 февраля по 7 октября 2022 года, подлежат списанию.","doc_256,doc_033","Фрагмент (score: 0.90):
 до окончания каникул.

Банк, МФО или КПК в течение 10 дней обязаны рассмотреть заявление и подтвердить каникулы либо отказать в них. Оповестить о своем решении они должны тем способом связи, который прописан в кредитном договоре. Если заемщик не получит сообщение в течение 15 дней, льготный период считается одобренным.

## Будет ли кредитор начислять проценты в течение каникул?

Да, весь льготный период банк, МФО или КПК продолжат начислять проценты по ставке, пред"
79,"Почему внебиржевые сделки рискованнее, чем торговля на бирже?","Согласно контексту, внебиржевые сделки рискованнее по двум основным причинам:

1. **Цена далека от рыночной**: Стоимость бумаг при внебиржевой торговле нередко оказывается далека от рыночной.
2. **Отсутствие проверки и высокий риск мошенничества**: Биржа не проверяет компании, выпускающие такие бумаги, поэтому оценить риски сложно даже опытным инвесторам. Кроме того, велик риск наткнуться на мошенников, особенно если обходиться без помощи лицензированных посредников.","doc_234,doc_008","Фрагмент (score: 0.88):
небиржевая торговля связана с повышенными рисками: стоимость бумаг нередко оказывается далека от рыночной. Кроме того, биржа не проверяет компании, которые их выпускают, поэтому оценить вероятность прибыли или убытков сложно даже опытным инвесторам.

Еще опаснее обходиться без помощи лицензированных посредников — велики риски наткнуться на откровенных мошенников и потерять деньги.

«Брату как-то позвонили с незнакомого номера и предложили заняться биржевой торговлей. "
80,Как проверить полис ОСАГО через НСИС?,"Согласно контексту, чтобы проверить полис ОСАГО через НСИС, нужно:
1. Зайти на сайт Национальной страховой информационной системы (НСИС).
2. На главной странице ввести серию и номер полиса и запустить проверку.
3. В открывшемся окне вы увидите название компании-страховщика, данные машины и статус договора.

Для проверки полиса, купленного заранее и еще не начавшего действовать, информацию нужно искать в личном кабинете на сайте НСИС. Чтобы войти в него, необходимо авторизоваться через Госуслуги или онлайн-банк, нажав кнопку «Войти» в правом верхнем углу сайта.","doc_073,doc_097","Фрагмент (score: 0.93):
Сергей чуть не пропустил покупку очередной страховки ОСАГО и в спешкеоформил ее на первом попавшемся сайте. Но затем засомневался — точно ли полис настоящий и не нарвался ли он на мошенников. Рассказываем, что делать, если вы сомневаетесь в подлинности страховки. ## Как проверить полис ОСАГО?

Это легко сделать без помощи посредников и совершенно бесплатно — на сайте Национальной страховой информационной системы (НСИС).

На главной странице введите серию и номер полис"
81,Есть ли госгарантия возврата средств при крахе брокера либо при исключении МФО из реестра?,"В контексте нет информации о государственных гарантиях возврата средств при исключении МФО из реестра.

Что касается брокера, в контексте прямо указано: **«в случае аннулирования лицензии брокера государство не гарантирует возврата ваших средств и не выплачивает компенсации»**.","doc_179,doc_254,doc_083","Фрагмент (score: 0.88):
роченных долгов слишком много, у МФО возникают проблемы с выплатами инвесторам — денег на них не хватает.

## Как быть, если МФО действительно исключили из реестра?

Нужно попытаться вернуть свои инвестиции.

1. **Заявление с требованием вернуть деньги** немедленно отправьтена официальный почтовый или электронный адрес организации.
2. **Копию заявления** отошлите**в Банк России**.  
   Банк России проанализирует все заявления инвесторов, оценит финансовое состояни"
82,"Что происходит дальше, если должник отказывается от общения с коллекторами?","Согласно контексту, если должник отказывается от общения с коллекторами, происходит следующее:

1. Кредитор передает дело в суд.
2. Если суд обяжет вернуть долг, исполнением займутся судебные приставы, а не коллекторы.
3. Судебные приставы имеют право арестовать счета, описать и продать имущество должника для погашения долга, и договориться с ними уже невозможно.

Отказ от общения не отменяет обязанности вернуть долг и не останавливает судебное взыскание.","doc_344,doc_047","Фрагмент (score: 0.90):
оедать звонками и письмами никто не будет, но взыскать долг через суд ваши кредиторы все равно могут.

Если вы начали процедуру банкротства, ваше общение с кредиторами и коллекторами прекращается автоматически. Все долговые вопросы урегулирует финансовый управляющий, которого вам назначит арбитражный суд. О том, как официально объявить себя неплатежеспособным, читайте в статье про личное банкротство.

## Я не хочу общаться с коллектором. Что делать?

Вы можете напра"
83,Какие инструменты подойдут для консервативного накопления на срок от трех лет и с чего лучше начинать инвестору‑новичку?,"Согласно контексту, для консервативного накопления на срок от трех лет подойдут:
*   ОФЗ (облигации федерального займа)
*   Облигации крупнейших/надежных компаний с высокими рейтингами
*   Банковские вклады (с учетом лимита страхования в 1,4 млн рублей)

Начинать инвестирование новичку лучше с наиболее безопасных инструментов, таких как облигации Минфина (ОФЗ) или крупных стабильных компаний, так как опасность дефолта по ним минимальна.","doc_307,doc_258","Фрагмент (score: 0.90):
и накопления не только не страдали от инфляции, но и обгоняли ее.

### Какие финансовые инструменты подойдут для долгосрочных накоплений?

**Банковский вклад****.** Наиболее безопасный и надежный способ сберегать и накапливать. С соблазнами бороться будет проще, чем в случае, когда деньги спрятаны в буфете. Только следите за тем, чтобы сумма вклада вместе с процентами в одном банке не превышала 1,4 млн рублей. Такая сумма точно попадает в государственную систему страх"
84,"Что делать, если пришло сообщение о блокировке карты с просьбой перезвонить по незнакомому номеру?","Согласно контексту, если пришло сообщение о блокировке карты с просьбой перезвонить по незнакомому номеру, делать этого не нужно. Такие сообщения часто рассылают мошенники. Вместо этого следует позвонить только на официальный номер горячей линии своего банка (указан на обратной стороне карты и на сайте банка), чтобы уточнить информацию о блокировке.","doc_343,doc_246","Фрагмент (score: 0.89):
Пришло сообщение: «Ваша карта заблокирована». Почему это могло произойти и что теперь делать? Прежде всего не паниковать и не суетиться: чаще всего блокировка карты — это способ обезопасить ваши деньги. Банковская карта — это всего лишь инструмент, который дает доступ к вашему банковскому счету. Когда карту блокируют, по ней нельзя совершать переводы и платежи, а также снимать наличные. При этом деньги остаются на вашем счете.

Если вам пришло сообщение о блокировке бан"
85,Как меняется выплата по ОСАГО при европротоколе в зависимости от фотофиксации либо разногласий?,"На основе контекста выплата по ОСАГО при европротоколе меняется следующим образом:

1. **Полное согласие и фотофиксация**: Максимальная выплата составляет **400 000 рублей** (если все условия соблюдены: общее мнение об обстоятельствах, заполненное извещение и фотофиксация через приложение).

2. **Согласие, но без фотофиксации**: Выплата снижается до **100 000 рублей**.

3. **Наличие разногласий (например, по обстоятельствам или повреждениям), но с фотофиксацией**: Лимит возмещения снижается до **200 000 рублей**. При этом, если страховщики не могут определить виновника, эта сумма может быть разделена между обоими водителями.

4. **Без фотофиксации и при разногласиях**: В контексте указано, что без фотофиксации вообще **никакой выплаты не будет** (в рамках европротокола).","doc_228,doc_281,doc_011","Фрагмент (score: 0.90):
пострадавшему будет максимальным — до **400 000 рублей**.

Если же вы со вторым водителем заполните только извещение о ДТП (в приложении или на бумаге), но не сделаете фотофиксацию, то пострадавший получит страховое возмещение лишь в пределах **100 000 рублей**. А значит, вырастет вероятность, что виновнику придется доплачивать за его ремонт из своего кармана.

В случае когда фотофиксация есть, но у вас разногласия с другим участником аварии — например, по поводу повр"
86,Почему заявления о страховке в МФО не гарантируют возврат вложений?,"Согласно контексту, заявления о страховке в МФО не гарантируют возврат вложений по нескольким причинам:

1. **Страховка часто покрывает не те риски.** Полис может защищать МФК от банкротства банка-партнёра или от повреждения имущества, но **не от банкротства самой МФК**.
2. **Даже при страховании от банкротства сумма выплат невелика.** Например, страховая сумма может быть в 10 раз меньше общего объёма вложений инвесторов, поэтому каждый получит лишь малую часть своих денег.
3. **Страховой полис обычно перестаёт действовать к моменту официального объявления о банкротстве МФК.**
4. **Инвестиции в МФО не застрахованы государством.** Страховка часто касается имущества компании или ответственности руководителей, **а не денег инвесторов**.

Таким образом, обещания ""всё застраховано"" обычно вводят в заблуждение, так как не обеспечивают полной защиты вложений клиентов в случае краха микрофинансовой организации.","doc_184,doc_250,doc_179","Фрагмент (score: 0.89):
вам вряд ли удастся вернуть свои вложения полностью.

МФК нередко заявляют, что деньги инвесторов «застрахованы от финансовых рисков». Как правило, это лукавство. Нужно внимательно читать договор страхования: от каких именно рисков вас обещают уберечь. Страховой полис может защищать МФК от банкротства банка, через который проходят платежи (а это обычно очень надежные банки). Или от убытков, если офис МФК разрушат природные катаклизмы. Такая страховка не гарантирует, что"
87,"Чем отличаются госгарантии для вкладов, пенсионных накоплений в НПФ, полисов НСЖ по защите суммы?","В контексте нет информации о полисах НСЖ (накопительного страхования жизни). 

Что касается вкладов и пенсионных накоплений в НПФ, из контекста можно выделить следующие отличия в гарантиях:

1.  **Для банковских вкладов:** Государство гарантирует страховое возмещение **до 1,4 млн рублей** на одного вкладчика в одном банке. В некоторых случаях (например, счета эскроу) сумма может быть выше — до 10 млн рублей.

2.  **Для пенсионных накоплений в НПФ:** Государство гарантирует защиту взносов, и деньги не исчезнут даже при отзыве лицензии у фонда. Однако в контексте **не указан конкретный верхний предел гарантированной суммы** для пенсионных накоплений. Подчеркивается, что Агентство по страхованию вкладов (АСВ) выплатит компенсацию, а её размер и порядок выплат зависят от того, начал ли человек уже получать пенсию или ещё только копит.","doc_080,doc_286,doc_182","Фрагмент (score: 0.89):
негосударственных пенсионных фондов.

Чтобы узнать, сколько у вас пенсионных накоплений и где они находятся, нужно заказать выписку о состоянии индивидуального лицевого счета в отделении Социального фонда России (СФР), на его сайте либо на портале «Госуслуги». Если ваши деньги хранятся в НПФ, то можете запросить отчет о сумме накоплений в самом фонде.

Государство гарантирует защиту ваших пенсионных взносов — деньги не исчезнут, даже если у НПФ отзовут лицензию или он"
88,"В каких случаях выгоднее созаемщик, а не поручитель, для снижения ставки либо увеличения суммы?","Согласно контексту, созаемщик выгоднее поручителя, когда цель — снижение процентной ставки или увеличение суммы кредита.

**Причина:** Финансовое положение и кредитная история созаемщика напрямую влияют на условия кредита. Банк проверяет его так же тщательно, как и основного заемщика. Чем выше доход и надежнее кредитная история созаемщика, тем больше сумма, которую банк готов одолжить, и тем ниже может быть процентная ставка.

**Для поручителя** доходы и кредитная история почти никогда не влияют на параметры кредита (сумму, процент, срок). Банк обычно лишь оценивает, подходит ли поручитель как гарантия.",doc_028,"Фрагмент (score: 0.88):
Вы хотите взять кредит, но банк считает, что ваших доходов недостаточно, и предлагает привлечьсозаемщикаилипоручителя. Либо наоборот: вас просят стать созаемщиком или поручиться по чужому кредиту. Разбираемся, в чем различия и чем вы рискуете, соглашаясь на ту или иную роль. ## Чем различаются созаемщик и поручитель?

**Созаемщик — это тот же заемщик.** У него такие же права и обязанности, как если бы он сам брал кредит. Даже когда вас убеждают подписать договор лишь «д"
89,"Как работают структурные облигации, привязанные к цене золота?","Согласно контексту, структурные облигации, привязанные к цене золота, работают следующим образом:

1. **Привязка к цене металла:** Их номинал и купоны привязаны к цене драгоценного металла. Например, номинал бумаг может соответствовать 1 грамму золота.
2. **Механизм расчёта:**
    * Компания размещает облигации по цене грамма золота на день продажи.
    * Погашает — по цене на день выкупа.
    * Для расчетов используются учетные цены на драгметаллы, которые устанавливает Банк России.
3. **Доходность:** Купонный доход выражается в процентах от номинала, поэтому точная сумма в рублях определяется только в день выплаты. Инвестор имеет шанс заработать как на росте цены золота, так и за счет купонного дохода.
4. **Риски:**
    * К моменту погашения золото может подешеветь, и инвестор не сможет выждать более благоприятный момент для продажи.
    * Это сложный инструмент: для покупки обычно требуется пройти тестирование или получить статус квалифицированного инвестора.
    * Существует риск банкротства компании-эмитента или брокера.","doc_043,doc_283","Фрагмент (score: 0.91):
естиции не имеют государственной страховки. Если добывающее предприятие обанкротится, инвесторам вряд ли удастся вернуть вложенные в ее бумаги деньги.

Некоторые компании предлагают инвесторам особые структурные облигации: их номинал и купоны привязаны к цене драгоценного металла.

Например, номинал бумаг соответствует 1 грамму золота. Это значит, что компания размещает их по цене грамма золота на день продажи, а погашает — по цене на день выкупа. Для расчетов использ"
90,Почему инвестиции в себя считаются выгодными?,В контексте нет информации.,"doc_171,doc_043,doc_177","Фрагмент (score: 0.87):
 на фондовом рынке. Такой брокерский счет позволит покупать паи инвестиционных фондов, акции или облигации. Иногда банки выступают агентами управляющих компаний паевых инвестиционных фондов и предлагают приобрести паи напрямую, без выхода на биржу.

Вложения в ценные бумаги действительно нередко приносят большую прибыль, чем депозиты. Но ни гарантий доходности, ни государственной страховки у инвестиций нет. А чем выше потенциальная выгода, тем больше вероятность все пот"
91,Чем отличается остановка операции от блокировки счета по 115‑ФЗ?,"Согласно контексту, отличие заключается в следующем:

**Остановка операции** — это мера, при которой банк отказывается проводить конкретный подозрительный платеж, но счет продолжает работать для других операций.

**Блокировка счета** — это крайняя мера, при которой клиент **полностью теряет доступ к своим деньгам** на счете. Банки применяют её, когда подозревают компанию в отмывании доходов или финансировании терроризма.

Контекст также упоминает промежуточную ситуацию — **ограничение дистанционного обслуживания (ДБО)**, когда счет не заблокирован, но проводить операции через личный кабинет или приложение нельзя.","doc_025,doc_275","Фрагмент (score: 0.91):
Бывает, что банк отказывается проводить платеж или вообще блокирует клиенту доступ к счету. А свои действия объясняет требованиями закона № 115-ФЗ. Рассказываем, в каких случаях применяется этот закон, чем он грозит бизнесу и как предпринимателю реабилитировать себя. ## Что такое 115-ФЗ и почему из-за него блокируются счета?

По закону № 115-ФЗ все банки должны препятствовать отмыванию доходов и финансированию терроризма. Поэтому, когда у банка появляются подозрения, чт"
92,"Почему за наличную валюту стоит идти в банк, а не к брокеру?","Согласно контексту, за наличной валютой стоит идти в банк, потому что брокер не выдаст вам наличные. В контексте указано, что купить безналичную иностранную валюту через брокера можно, но доступен только безналичный расчет, а обналичить эти деньги нельзя.","doc_041,doc_208,doc_243","Фрагмент (score: 0.89):
ете потерять часть денег — закон о рынке ценных бумаг не гарантирует возврата средств, которые выведены с клиентского счета на счет брокера.

Поэтому главная рекомендация — **не держите долго деньги на брокерском счете**.

Вкладывайте их в ценные бумаги или выводите на свой банковский счет. Во-первых, банк будет начислять вам проценты. А во-вторых, деньги на банковских счетах и вкладах физических лиц и индивидуальных предпринимателей застрахованы государством. В случа"
93,Как отличаются кредитные каникулы для мобилизованных ИП от каникул для МСП из санкционных отраслей?,"В контексте нет информации о кредитных каникулах для МСП из санкционных отраслей. В предоставленных фрагментах описываются условия для мобилизованных ИП и владельцев малого и среднего бизнеса, призванных по мобилизации, но сравнения с отраслевыми санкционными мерами не приводится.","doc_035,doc_033","Фрагмент (score: 0.91):
 военной службы плюс 30 дней. Если после демобилизации предприниматель был госпитализирован, то и на весь срок стационарного лечения. Подробнее о том, как оформить льготный период по кредитам ИП, читайте в тексте «Как мобилизованным получить кредитные каникулы».

Условия кредитных каникул для представителей малого и среднего бизнеса, чей единственный учредитель и руководитель призван по мобилизации, несколько отличаются. Например, льготный период будет длиться 90 дней п"
94,Почему при возврате денег за страховку сумма бывает меньше из‑за комиссий посредников?,"В контексте нет информации о том, что сумма возврата за страховку бывает меньше из-за комиссий посредников.

Контекст объясняет уменьшение суммы возврата по другим причинам:
1. Возврат пропорционален неиспользованному сроку действия полиса.
2. При наличии коэффициента сезонности расчет ведется только за неиспользованные дни оплаченного периода.
3. Страховщик удерживает 23% от суммы возврата на покрытие своих расходов.

О комиссиях посредников в контексте говорится только в связи со скидками при покупке полиса или их вознаграждением, но не в связи с процедурой возврата денег.","doc_194,doc_278,doc_126","Фрагмент (score: 0.89):
за счет чего снижается цена.

Возможно, посредник готов сделать дисконт за счет части своего вознаграждения. Стоит учитывать, что скидка не может быть больше комиссии, которую страховая компания выплачивает агенту или брокеру. Размер комиссии можно узнать из договора между страховщиком и посредником.

Но довольно часто вместо обещанной скидки посредники просто предлагают более дешевые полисы, которые покрывают меньше рисков, чем вы думаете. Например, вы хотите застрах"
95,Чем отличаются гранты от льготных кредитов по обязательствам по возврату средств?,"Согласно контексту, гранты и льготные кредиты отличаются по обязательствам по возврату средств следующим образом:

1. **Льготные кредиты** — это займы, которые необходимо возвращать на определённых (льготных) условиях. Они выдаются на конкретные цели (например, инвестиции в бизнес или пополнение оборотных средств), и по ним предполагается возврат средств.

2. **Гранты** — средства, которые можно **не возвращать**. В контексте указано, что если предприниматель передумает воплощать идею, он вправе просто вернуть сумму гранта, что подразумевает добровольный возврат, а не обязательный. Кроме того, в случае форс-мажора (например, мобилизации) обязательства по гранту можно отложить или скорректировать без штрафов.

Таким образом, ключевое отличие: льготные кредиты требуют возврата средств, а гранты — нет (или возврат является правом, а не строгой обязанностью).","doc_061,doc_093,doc_035","Фрагмент (score: 0.87):
 кредит.

Кредиты и займы с залогом или поручительством называются **обеспеченными**. Ставки по ним обычно ниже, чем по необеспеченным.

## По какому графику возвращать долг?

Займы на пару недель или месяцев обычно гасят одной суммой в конце срока договора. Более долгие кредиты и займы, как правило, предполагают ежемесячные платежи. Они бывают двух видов:

1. **Дифференцированные платежи.**Сумма, которая вам нужна в кредит, – это основной долг. Она делится на рав"
96,Чем факторинг отличается от банковского кредита по обеспечению?,"Согласно контексту, факторинг отличается от банковского кредита по обеспечению тем, что для факторинга **не нужно оставлять залог**. Вместо залога обеспечением становится дебиторская задолженность компании, то есть её будущая выручка от покупателей.",doc_314,"Фрагмент (score: 0.88):
с отсрочкой платежа, не боясь кассовых разрывов: выручка будет приходить в день отгрузки, и эти деньги сразу можно пускать в дело.

### Не нужно оставлять залог

В отличие от кредита в факторинге не нужно оставлять залог, чтобы получить деньги. Залогом становится ваша дебиторская задолженность, то есть будущая выручка.

### С факторингом можно масштабировать оборот

Вы можете увеличить поставки в высокий сезон или выходить на новые рынки. В отличие от кредита при "
97,"Какую роль играет Агентство по страхованию вкладов в защите вкладчиков банков, а также клиентов страховщиков?","На основании предоставленного контекста можно ответить только о роли Агентства по страхованию вкладов (АСВ) в защите вкладчиков банков. Информации о клиентах страховщиков в контексте нет.

**Роль АСВ в защите вкладчиков банков:**

1.  **Выплачивает страховое возмещение вкладчикам** при наступлении страхового случая (отзыв лицензии у банка или введение моратория).
2.  **Ведет реестр банков — участников** системы страхования вкладов (ССВ).
3.  **Следит за формированием и управляет средствами** Фонда обязательного страхования вкладов (ФОСВ).

АСВ осуществляет эту деятельность под контролем Правительства и Банка России.

**О защите клиентов страховщиков:** В контексте нет информации.","doc_286,doc_065","Фрагмент (score: 0.87):
но на сайте Банка России.

Если вдруг средств фонда окажется недостаточно для всех выплат, их пополнят за счет средств федерального бюджета или кредитов Банка России. Это гарантирует финансовую устойчивость ССВ.

Работу ССВ ведет Агентство по страхованию вкладов (АСВ). Агентство действует под контролем Правительства и Банка России, представители которых входят в его органы управления.

АСВ выплачивает возмещение вкладчикам, ведет реестр банков — участников ССВ, след"
98,Как налогообложение дохода сотрудников на УСН соотносится с пределом удержаний при взыскании долгов?,В контексте нет информации.,"doc_261,doc_284","Фрагмент (score: 0.87):
ика есть иждивенцы, то на каждого из них тоже оставят такую сумму.

Во-вторых, в законе «Об исполнительном производстве», который определяет порядок взыскания долгов, предусмотрены «неприкосновенные» выплаты, забрать которые нельзя. Например, от последней перечисленной на счет зарплаты, пенсии или другой выплаты могут отнять не более 50% (в редких случаях, связанных с уголовной ответственностью, — 70%) суммы.

По закону суд не имеет права взыскать деньги, которые долж"
99,Защищены ли деньги на счете эскроу при покупке строящегося жилья?,"Да, деньги на счете эскроу при покупке строящегося жилья защищены. Согласно контексту, в случае, если банк, в котором открыт такой счет, потеряет лицензию, Государственное Агентство по страхованию вкладов (АСВ) переведет до 10 млн рублей на счет эскроу в другом банке.","doc_065,doc_232,doc_331","Фрагмент (score: 0.91):
еленный период. В сделках купли-продажи готового жилья защита начинается с даты, когда документы для регистрации права на недвижимость поступили в Росреестр. И заканчивается через три дня после того, как ведомство внесет изменения в Единый государственный реестр прав на недвижимое имущество (ЕГРН) или откажет в регистрации.  
  В случае с долевым строительством повышенная защита включается, как только вы внесли деньги на счет эскроу. И перестает действовать, когда застро"
100,Какие меры снижают риск кражи денег при расчетах на сайтах объявлений?,"Согласно контексту, чтобы снизить риск кражи денег при расчетах на сайтах объявлений, следует:

1.  **Будьте осторожны**, покупая товары с рук через специальные сайты.
2.  **Проверяйте потенциального продавца по отзывам.**
3.  **Ищите «черный список»** покупателей и продавцов на сервисе.
4.  **Проверяйте профиль продавца** — у мошенников часто фальшивые страницы с минимумом информации.
5.  **Не соглашайтесь на предоплату**, так как мошенник может исчезнуть с деньгами.
6.  **Никогда не сообщайте все данные карты** по просьбе продавца.","doc_121,doc_243,doc_206","Фрагмент (score: 0.88):
нете встречаются предложения о продаже валюты, иногда даже по очень выгодным курсам.

**Что происходит:** может повезти, и вам действительно обменяют рубли на валюту по обещанной цене. Но нередко при встрече аферисты начинают торговаться и завышают курс под разными предлогами. Есть также риск нарваться на фальшивки.

Покупка и продажа валюты с рук запрещены законом. Если правоохранительные органы застанут вас за этим делом, вам грозит штраф. Как раз в размере той сумм"
